[
    {
        "model": "portal.User",
        "pk": 2,
        "fields": {
            "email": "student2@rpi.edu",
            "first_name": "Alice",
            "last_name": "Mason",
            "is_approved": true,
            "role": "rpi",
            "rcs_id": "student2",
            "graduation_year": 2025,
            "updated_at": "2022-12-29T02:30:00+0000",
            "created_at": "2022-12-29T02:30:00+0000"
        }
    },
    {
        "model": "portal.User",
        "pk": 3,
        "fields": {
            "email": "student3@rpi.edu",
            "first_name": "Meghan",
            "last_name": "Franklin",
            "is_approved": true,
            "role": "rpi",
            "rcs_id": "student3",
            "graduation_year": 2024,
            "updated_at": "2022-12-29T02:30:00+0000",
            "created_at": "2022-12-29T02:30:00+0000"
        }
    },
    {
        "model": "portal.User",
        "pk": 4,
        "fields": {
            "email": "student4@rpi.edu",
            "first_name": "Meghan",
            "last_name": "Cunningham",
            "is_approved": true,
            "role": "rpi",
            "rcs_id": "student4",
            "graduation_year": 2024,
            "updated_at": "2022-12-29T02:30:00+0000",
            "created_at": "2022-12-29T02:30:00+0000"
        }
    },
    {
        "model": "portal.User",
        "pk": 5,
        "fields": {
            "email": "student5@rpi.edu",
            "first_name": "Amy",
            "last_name": "Davis",
            "is_approved": true,
            "role": "rpi",
            "rcs_id": "student5",
            "graduation_year": 2025,
            "updated_at": "2022-12-29T02:30:00+0000",
            "created_at": "2022-12-29T02:30:00+0000"
        }
    },
    {
        "model": "portal.User",
        "pk": 6,
        "fields": {
            "email": "student6@rpi.edu",
            "first_name": "Amanda",
            "last_name": "Carter",
            "is_approved": true,
            "role": "rpi",
            "rcs_id": "student6",
            "graduation_year": 2024,
            "updated_at": "2022-12-29T02:30:00+0000",
            "created_at": "2022-12-29T02:30:00+0000"
        }
    },
    {
        "model": "portal.User",
        "pk": 7,
        "fields": {
            "email": "student7@rpi.edu",
            "first_name": "Richard",
            "last_name": "Beck",
            "is_approved": true,
            "role": "rpi",
            "rcs_id": "student7",
            "graduation_year": 2022,
            "updated_at": "2022-12-29T02:30:00+0000",
            "created_at": "2022-12-29T02:30:00+0000"
        }
    },
    {
        "model": "portal.User",
        "pk": 8,
        "fields": {
            "email": "student8@rpi.edu",
            "first_name": "Karen",
            "last_name": "Bishop",
            "is_approved": true,
            "role": "rpi",
            "rcs_id": "student8",
            "graduation_year": 2025,
            "updated_at": "2022-12-29T02:30:00+0000",
            "created_at": "2022-12-29T02:30:00+0000"
        }
    },
    {
        "model": "portal.User",
        "pk": 9,
        "fields": {
            "email": "student9@rpi.edu",
            "first_name": "Amber",
            "last_name": "Smith",
            "is_approved": true,
            "role": "rpi",
            "rcs_id": "student9",
            "graduation_year": 2025,
            "updated_at": "2022-12-29T02:30:00+0000",
            "created_at": "2022-12-29T02:30:00+0000"
        }
    },
    {
        "model": "portal.User",
        "pk": 10,
        "fields": {
            "email": "student10@rpi.edu",
            "first_name": "Jared",
            "last_name": "Jarvis",
            "is_approved": true,
            "role": "rpi",
            "rcs_id": "student10",
            "graduation_year": 2025,
            "updated_at": "2022-12-29T02:30:00+0000",
            "created_at": "2022-12-29T02:30:00+0000"
        }
    },
    {
        "model": "portal.User",
        "pk": 11,
        "fields": {
            "email": "student11@rpi.edu",
            "first_name": "Aaron",
            "last_name": "Henry",
            "is_approved": false,
            "role": "rpi",
            "rcs_id": "student11",
            "graduation_year": 2024,
            "updated_at": "2022-12-29T02:30:00+0000",
            "created_at": "2022-12-29T02:30:00+0000"
        }
    },
    {
        "model": "portal.User",
        "pk": 12,
        "fields": {
            "email": "student12@rpi.edu",
            "first_name": "Ethan",
            "last_name": "Harrison",
            "is_approved": true,
            "role": "rpi",
            "rcs_id": "student12",
            "graduation_year": 2022,
            "updated_at": "2022-12-29T02:30:00+0000",
            "created_at": "2022-12-29T02:30:00+0000"
        }
    },
    {
        "model": "portal.User",
        "pk": 13,
        "fields": {
            "email": "student13@rpi.edu",
            "first_name": "Joyce",
            "last_name": "Taylor",
            "is_approved": true,
            "role": "rpi",
            "rcs_id": "student13",
            "graduation_year": 2025,
            "updated_at": "2022-12-29T02:30:00+0000",
            "created_at": "2022-12-29T02:30:00+0000"
        }
    },
    {
        "model": "portal.User",
        "pk": 14,
        "fields": {
            "email": "student14@rpi.edu",
            "first_name": "Bruce",
            "last_name": "Long",
            "is_approved": true,
            "role": "rpi",
            "rcs_id": "student14",
            "graduation_year": 2022,
            "updated_at": "2022-12-29T02:30:00+0000",
            "created_at": "2022-12-29T02:30:00+0000"
        }
    },
    {
        "model": "portal.User",
        "pk": 15,
        "fields": {
            "email": "student15@rpi.edu",
            "first_name": "Michelle",
            "last_name": "Sanders",
            "is_approved": true,
            "role": "rpi",
            "rcs_id": "student15",
            "graduation_year": 2024,
            "updated_at": "2022-12-29T02:30:00+0000",
            "created_at": "2022-12-29T02:30:00+0000"
        }
    },
    {
        "model": "portal.User",
        "pk": 16,
        "fields": {
            "email": "student16@rpi.edu",
            "first_name": "Walter",
            "last_name": "Crawford",
            "is_approved": true,
            "role": "rpi",
            "rcs_id": "student16",
            "graduation_year": 2023,
            "updated_at": "2022-12-29T02:30:00+0000",
            "created_at": "2022-12-29T02:30:00+0000"
        }
    },
    {
        "model": "portal.User",
        "pk": 17,
        "fields": {
            "email": "student17@rpi.edu",
            "first_name": "Thomas",
            "last_name": "Anderson",
            "is_approved": true,
            "role": "rpi",
            "rcs_id": "student17",
            "graduation_year": 2023,
            "updated_at": "2022-12-29T02:30:00+0000",
            "created_at": "2022-12-29T02:30:00+0000"
        }
    },
    {
        "model": "portal.User",
        "pk": 18,
        "fields": {
            "email": "student18@rpi.edu",
            "first_name": "Noah",
            "last_name": "Page",
            "is_approved": true,
            "role": "rpi",
            "rcs_id": "student18",
            "graduation_year": 2025,
            "updated_at": "2022-12-29T02:30:00+0000",
            "created_at": "2022-12-29T02:30:00+0000"
        }
    },
    {
        "model": "portal.User",
        "pk": 19,
        "fields": {
            "email": "student19@rpi.edu",
            "first_name": "Terry",
            "last_name": "Solis",
            "is_approved": true,
            "role": "rpi",
            "rcs_id": "student19",
            "graduation_year": 2024,
            "updated_at": "2022-12-29T02:30:00+0000",
            "created_at": "2022-12-29T02:30:00+0000"
        }
    },
    {
        "model": "portal.User",
        "pk": 20,
        "fields": {
            "email": "student20@rpi.edu",
            "first_name": "Donna",
            "last_name": "Casey",
            "is_approved": true,
            "role": "rpi",
            "rcs_id": "student20",
            "graduation_year": 2025,
            "updated_at": "2022-12-29T02:30:00+0000",
            "created_at": "2022-12-29T02:30:00+0000"
        }
    },
    {
        "model": "portal.User",
        "pk": 21,
        "fields": {
            "email": "student21@rpi.edu",
            "first_name": "Sergio",
            "last_name": "Smith",
            "is_approved": true,
            "role": "rpi",
            "rcs_id": "student21",
            "graduation_year": 2024,
            "updated_at": "2022-12-29T02:30:00+0000",
            "created_at": "2022-12-29T02:30:00+0000"
        }
    },
    {
        "model": "portal.User",
        "pk": 22,
        "fields": {
            "email": "student22@rpi.edu",
            "first_name": "Joshua",
            "last_name": "Wilson",
            "is_approved": true,
            "role": "rpi",
            "rcs_id": "student22",
            "graduation_year": 2024,
            "updated_at": "2022-12-29T02:30:00+0000",
            "created_at": "2022-12-29T02:30:00+0000"
        }
    },
    {
        "model": "portal.User",
        "pk": 23,
        "fields": {
            "email": "student23@rpi.edu",
            "first_name": "Brenda",
            "last_name": "Carroll",
            "is_approved": true,
            "role": "rpi",
            "rcs_id": "student23",
            "graduation_year": 2024,
            "updated_at": "2022-12-29T02:30:00+0000",
            "created_at": "2022-12-29T02:30:00+0000"
        }
    },
    {
        "model": "portal.User",
        "pk": 24,
        "fields": {
            "email": "student24@rpi.edu",
            "first_name": "Craig",
            "last_name": "Henry",
            "is_approved": false,
            "role": "rpi",
            "rcs_id": "student24",
            "graduation_year": 2025,
            "updated_at": "2022-12-29T02:30:00+0000",
            "created_at": "2022-12-29T02:30:00+0000"
        }
    },
    {
        "model": "portal.User",
        "pk": 25,
        "fields": {
            "email": "student25@rpi.edu",
            "first_name": "Luis",
            "last_name": "Taylor",
            "is_approved": true,
            "role": "rpi",
            "rcs_id": "student25",
            "graduation_year": 2022,
            "updated_at": "2022-12-29T02:30:00+0000",
            "created_at": "2022-12-29T02:30:00+0000"
        }
    },
    {
        "model": "portal.User",
        "pk": 26,
        "fields": {
            "email": "student26@rpi.edu",
            "first_name": "Ryan",
            "last_name": "Fuller",
            "is_approved": true,
            "role": "rpi",
            "rcs_id": "student26",
            "graduation_year": 2022,
            "updated_at": "2022-12-29T02:30:00+0000",
            "created_at": "2022-12-29T02:30:00+0000"
        }
    },
    {
        "model": "portal.User",
        "pk": 27,
        "fields": {
            "email": "student27@rpi.edu",
            "first_name": "Tammy",
            "last_name": "Pineda",
            "is_approved": true,
            "role": "rpi",
            "rcs_id": "student27",
            "graduation_year": 2024,
            "updated_at": "2022-12-29T02:30:00+0000",
            "created_at": "2022-12-29T02:30:00+0000"
        }
    },
    {
        "model": "portal.User",
        "pk": 28,
        "fields": {
            "email": "student28@rpi.edu",
            "first_name": "Craig",
            "last_name": "Martin",
            "is_approved": true,
            "role": "rpi",
            "rcs_id": "student28",
            "graduation_year": 2024,
            "updated_at": "2022-12-29T02:30:00+0000",
            "created_at": "2022-12-29T02:30:00+0000"
        }
    },
    {
        "model": "portal.User",
        "pk": 29,
        "fields": {
            "email": "student29@rpi.edu",
            "first_name": "Stephanie",
            "last_name": "Morrison",
            "is_approved": true,
            "role": "rpi",
            "rcs_id": "student29",
            "graduation_year": 2022,
            "updated_at": "2022-12-29T02:30:00+0000",
            "created_at": "2022-12-29T02:30:00+0000"
        }
    },
    {
        "model": "portal.User",
        "pk": 30,
        "fields": {
            "email": "student30@rpi.edu",
            "first_name": "Deborah",
            "last_name": "King",
            "is_approved": true,
            "role": "rpi",
            "rcs_id": "student30",
            "graduation_year": 2022,
            "updated_at": "2022-12-29T02:30:00+0000",
            "created_at": "2022-12-29T02:30:00+0000"
        }
    },
    {
        "model": "portal.User",
        "pk": 31,
        "fields": {
            "email": "student31@rpi.edu",
            "first_name": "Corey",
            "last_name": "Garcia",
            "is_approved": true,
            "role": "rpi",
            "rcs_id": "student31",
            "graduation_year": 2024,
            "updated_at": "2022-12-29T02:30:00+0000",
            "created_at": "2022-12-29T02:30:00+0000"
        }
    },
    {
        "model": "portal.User",
        "pk": 32,
        "fields": {
            "email": "student32@rpi.edu",
            "first_name": "Cole",
            "last_name": "Peterson",
            "is_approved": true,
            "role": "rpi",
            "rcs_id": "student32",
            "graduation_year": 2024,
            "updated_at": "2022-12-29T02:30:00+0000",
            "created_at": "2022-12-29T02:30:00+0000"
        }
    },
    {
        "model": "portal.User",
        "pk": 33,
        "fields": {
            "email": "student33@rpi.edu",
            "first_name": "Kevin",
            "last_name": "Edwards",
            "is_approved": true,
            "role": "rpi",
            "rcs_id": "student33",
            "graduation_year": 2023,
            "updated_at": "2022-12-29T02:30:00+0000",
            "created_at": "2022-12-29T02:30:00+0000"
        }
    },
    {
        "model": "portal.User",
        "pk": 34,
        "fields": {
            "email": "student34@rpi.edu",
            "first_name": "Scott",
            "last_name": "Salinas",
            "is_approved": true,
            "role": "rpi",
            "rcs_id": "student34",
            "graduation_year": 2023,
            "updated_at": "2022-12-29T02:30:00+0000",
            "created_at": "2022-12-29T02:30:00+0000"
        }
    },
    {
        "model": "portal.User",
        "pk": 35,
        "fields": {
            "email": "student35@rpi.edu",
            "first_name": "Ryan",
            "last_name": "Nichols",
            "is_approved": true,
            "role": "rpi",
            "rcs_id": "student35",
            "graduation_year": 2023,
            "updated_at": "2022-12-29T02:30:00+0000",
            "created_at": "2022-12-29T02:30:00+0000"
        }
    },
    {
        "model": "portal.User",
        "pk": 36,
        "fields": {
            "email": "student36@rpi.edu",
            "first_name": "Matthew",
            "last_name": "Little",
            "is_approved": true,
            "role": "rpi",
            "rcs_id": "student36",
            "graduation_year": 2023,
            "updated_at": "2022-12-29T02:30:00+0000",
            "created_at": "2022-12-29T02:30:00+0000"
        }
    },
    {
        "model": "portal.User",
        "pk": 37,
        "fields": {
            "email": "student37@rpi.edu",
            "first_name": "Jennifer",
            "last_name": "Murphy",
            "is_approved": true,
            "role": "rpi",
            "rcs_id": "student37",
            "graduation_year": 2023,
            "updated_at": "2022-12-29T02:30:00+0000",
            "created_at": "2022-12-29T02:30:00+0000"
        }
    },
    {
        "model": "portal.User",
        "pk": 38,
        "fields": {
            "email": "student38@rpi.edu",
            "first_name": "Heidi",
            "last_name": "Williams",
            "is_approved": true,
            "role": "rpi",
            "rcs_id": "student38",
            "graduation_year": 2023,
            "updated_at": "2022-12-29T02:30:00+0000",
            "created_at": "2022-12-29T02:30:00+0000"
        }
    },
    {
        "model": "portal.User",
        "pk": 39,
        "fields": {
            "email": "student39@rpi.edu",
            "first_name": "Robert",
            "last_name": "Baker",
            "is_approved": true,
            "role": "rpi",
            "rcs_id": "student39",
            "graduation_year": 2025,
            "updated_at": "2022-12-29T02:30:00+0000",
            "created_at": "2022-12-29T02:30:00+0000"
        }
    },
    {
        "model": "portal.User",
        "pk": 40,
        "fields": {
            "email": "student40@rpi.edu",
            "first_name": "Angela",
            "last_name": "Cunningham",
            "is_approved": true,
            "role": "rpi",
            "rcs_id": "student40",
            "graduation_year": 2024,
            "updated_at": "2022-12-29T02:30:00+0000",
            "created_at": "2022-12-29T02:30:00+0000"
        }
    },
    {
        "model": "portal.User",
        "pk": 41,
        "fields": {
            "email": "student41@rpi.edu",
            "first_name": "Scott",
            "last_name": "Barton",
            "is_approved": true,
            "role": "rpi",
            "rcs_id": "student41",
            "graduation_year": 2022,
            "updated_at": "2022-12-29T02:30:00+0000",
            "created_at": "2022-12-29T02:30:00+0000"
        }
    },
    {
        "model": "portal.User",
        "pk": 42,
        "fields": {
            "email": "student42@rpi.edu",
            "first_name": "Chelsea",
            "last_name": "Stewart",
            "is_approved": true,
            "role": "rpi",
            "rcs_id": "student42",
            "graduation_year": 2023,
            "updated_at": "2022-12-29T02:30:00+0000",
            "created_at": "2022-12-29T02:30:00+0000"
        }
    },
    {
        "model": "portal.User",
        "pk": 43,
        "fields": {
            "email": "student43@rpi.edu",
            "first_name": "Allison",
            "last_name": "Reed",
            "is_approved": true,
            "role": "rpi",
            "rcs_id": "student43",
            "graduation_year": 2023,
            "updated_at": "2022-12-29T02:30:00+0000",
            "created_at": "2022-12-29T02:30:00+0000"
        }
    },
    {
        "model": "portal.User",
        "pk": 44,
        "fields": {
            "email": "student44@rpi.edu",
            "first_name": "Keith",
            "last_name": "Hill",
            "is_approved": true,
            "role": "rpi",
            "rcs_id": "student44",
            "graduation_year": 2022,
            "updated_at": "2022-12-29T02:30:00+0000",
            "created_at": "2022-12-29T02:30:00+0000"
        }
    },
    {
        "model": "portal.User",
        "pk": 45,
        "fields": {
            "email": "student45@rpi.edu",
            "first_name": "Anthony",
            "last_name": "Doyle",
            "is_approved": true,
            "role": "rpi",
            "rcs_id": "student45",
            "graduation_year": 2025,
            "updated_at": "2022-12-29T02:30:00+0000",
            "created_at": "2022-12-29T02:30:00+0000"
        }
    },
    {
        "model": "portal.User",
        "pk": 46,
        "fields": {
            "email": "student46@rpi.edu",
            "first_name": "Anthony",
            "last_name": "Kent",
            "is_approved": true,
            "role": "rpi",
            "rcs_id": "student46",
            "graduation_year": 2023,
            "updated_at": "2022-12-29T02:30:00+0000",
            "created_at": "2022-12-29T02:30:00+0000"
        }
    },
    {
        "model": "portal.User",
        "pk": 47,
        "fields": {
            "email": "student47@rpi.edu",
            "first_name": "Robert",
            "last_name": "Lewis",
            "is_approved": true,
            "role": "rpi",
            "rcs_id": "student47",
            "graduation_year": 2024,
            "updated_at": "2022-12-29T02:30:00+0000",
            "created_at": "2022-12-29T02:30:00+0000"
        }
    },
    {
        "model": "portal.User",
        "pk": 48,
        "fields": {
            "email": "student48@rpi.edu",
            "first_name": "Anna",
            "last_name": "Martinez",
            "is_approved": true,
            "role": "rpi",
            "rcs_id": "student48",
            "graduation_year": 2024,
            "updated_at": "2022-12-29T02:30:00+0000",
            "created_at": "2022-12-29T02:30:00+0000"
        }
    },
    {
        "model": "portal.User",
        "pk": 49,
        "fields": {
            "email": "student49@rpi.edu",
            "first_name": "Stefanie",
            "last_name": "Davis",
            "is_approved": true,
            "role": "rpi",
            "rcs_id": "student49",
            "graduation_year": 2022,
            "updated_at": "2022-12-29T02:30:00+0000",
            "created_at": "2022-12-29T02:30:00+0000"
        }
    },
    {
        "model": "portal.Project",
        "pk": 0,
        "fields": {
            "name": "Tall Project",
            "owner": 49,
            "is_approved": true,
            "summary": "Week party relationship entire you dream.",
            "is_seeking_members": false,
            "updated_at": "2022-12-29T02:30:00+0000",
            "created_at": "2022-12-29T02:30:00+0000"
        }
    },
    {
        "model": "portal.Project",
        "pk": 1,
        "fields": {
            "name": "Impossible Project",
            "owner": 12,
            "is_approved": true,
            "summary": "Against anything media attention.",
            "is_seeking_members": false,
            "updated_at": "2022-12-29T02:30:00+0000",
            "created_at": "2022-12-29T02:30:00+0000"
        }
    },
    {
        "model": "portal.Project",
        "pk": 2,
        "fields": {
            "name": "Wooden Project",
            "owner": 43,
            "is_approved": false,
            "summary": "Coach red natural provide middle.",
            "is_seeking_members": false,
            "updated_at": "2022-12-29T02:30:00+0000",
            "created_at": "2022-12-29T02:30:00+0000"
        }
    },
    {
        "model": "portal.Project",
        "pk": 3,
        "fields": {
            "name": "Current Project",
            "owner": 47,
            "is_approved": true,
            "summary": "Speak sea suggest.",
            "is_seeking_members": false,
            "updated_at": "2022-12-29T02:30:00+0000",
            "created_at": "2022-12-29T02:30:00+0000"
        }
    },
    {
        "model": "portal.Project",
        "pk": 4,
        "fields": {
            "name": "Initial Project",
            "owner": 36,
            "is_approved": true,
            "summary": "Base hit wonder throw Republican management tree.",
            "is_seeking_members": false,
            "updated_at": "2022-12-29T02:30:00+0000",
            "created_at": "2022-12-29T02:30:00+0000"
        }
    },
    {
        "model": "portal.Project",
        "pk": 5,
        "fields": {
            "name": "Fair Project",
            "owner": 25,
            "is_approved": false,
            "summary": "Surface very design heavy.",
            "is_seeking_members": false,
            "updated_at": "2022-12-29T02:30:00+0000",
            "created_at": "2022-12-29T02:30:00+0000"
        }
    },
    {
        "model": "portal.Project",
        "pk": 6,
        "fields": {
            "name": "Boring Project",
            "owner": 31,
            "is_approved": false,
            "summary": "A alone develop quite huge television.",
            "is_seeking_members": false,
            "updated_at": "2022-12-29T02:30:00+0000",
            "created_at": "2022-12-29T02:30:00+0000"
        }
    },
    {
        "model": "portal.Project",
        "pk": 7,
        "fields": {
            "name": "Alone Project",
            "owner": 38,
            "is_approved": true,
            "summary": "Quite almost throw lay night hair.",
            "is_seeking_members": false,
            "updated_at": "2022-12-29T02:30:00+0000",
            "created_at": "2022-12-29T02:30:00+0000"
        }
    },
    {
        "model": "portal.Project",
        "pk": 8,
        "fields": {
            "name": "Popular Project",
            "owner": 16,
            "is_approved": true,
            "summary": "Middle table among chair defense staff trouble education.",
            "is_seeking_members": false,
            "updated_at": "2022-12-29T02:30:00+0000",
            "created_at": "2022-12-29T02:30:00+0000"
        }
    },
    {
        "model": "portal.Project",
        "pk": 9,
        "fields": {
            "name": "Apart Project",
            "owner": 39,
            "is_approved": true,
            "summary": "Back yes skin concern son.",
            "is_seeking_members": false,
            "updated_at": "2022-12-29T02:30:00+0000",
            "created_at": "2022-12-29T02:30:00+0000"
        }
    },
    {
        "model": "portal.Project",
        "pk": 10,
        "fields": {
            "name": "Political Project",
            "owner": 36,
            "is_approved": true,
            "summary": "Data modern voice computer service stuff.",
            "is_seeking_members": false,
            "updated_at": "2022-12-29T02:30:00+0000",
            "created_at": "2022-12-29T02:30:00+0000"
        }
    },
    {
        "model": "portal.Project",
        "pk": 11,
        "fields": {
            "name": "Busy Project",
            "owner": 23,
            "is_approved": true,
            "summary": "Black civil something evidence.",
            "is_seeking_members": false,
            "updated_at": "2022-12-29T02:30:00+0000",
            "created_at": "2022-12-29T02:30:00+0000"
        }
    },
    {
        "model": "portal.Project",
        "pk": 12,
        "fields": {
            "name": "Main Project",
            "owner": 38,
            "is_approved": true,
            "summary": "Third energy series you rule.",
            "is_seeking_members": false,
            "updated_at": "2022-12-29T02:30:00+0000",
            "created_at": "2022-12-29T02:30:00+0000"
        }
    },
    {
        "model": "portal.Project",
        "pk": 13,
        "fields": {
            "name": "Brown Project",
            "owner": 14,
            "is_approved": true,
            "summary": "Improve interview young human.",
            "is_seeking_members": false,
            "updated_at": "2022-12-29T02:30:00+0000",
            "created_at": "2022-12-29T02:30:00+0000"
        }
    },
    {
        "model": "portal.Project",
        "pk": 14,
        "fields": {
            "name": "Mobile Project",
            "owner": 15,
            "is_approved": true,
            "summary": "Number Democrat open quality.",
            "is_seeking_members": false,
            "updated_at": "2022-12-29T02:30:00+0000",
            "created_at": "2022-12-29T02:30:00+0000"
        }
    },
    {
        "model": "portal.Project",
        "pk": 15,
        "fields": {
            "name": "Funny Project",
            "owner": 14,
            "is_approved": true,
            "summary": "Some research almost media glass national.",
            "is_seeking_members": false,
            "updated_at": "2022-12-29T02:30:00+0000",
            "created_at": "2022-12-29T02:30:00+0000"
        }
    },
    {
        "model": "portal.Project",
        "pk": 16,
        "fields": {
            "name": "Complex Project",
            "owner": 28,
            "is_approved": false,
            "summary": "Report paper four throw teacher.",
            "is_seeking_members": false,
            "updated_at": "2022-12-29T02:30:00+0000",
            "created_at": "2022-12-29T02:30:00+0000"
        }
    },
    {
        "model": "portal.Project",
        "pk": 17,
        "fields": {
            "name": "Hot Project",
            "owner": 35,
            "is_approved": true,
            "summary": "Dark bring particular no.",
            "is_seeking_members": true,
            "updated_at": "2022-12-29T02:30:00+0000",
            "created_at": "2022-12-29T02:30:00+0000"
        }
    },
    {
        "model": "portal.Project",
        "pk": 18,
        "fields": {
            "name": "Guilty Project",
            "owner": 41,
            "is_approved": true,
            "summary": "Bad tree one type.",
            "is_seeking_members": false,
            "updated_at": "2022-12-29T02:30:00+0000",
            "created_at": "2022-12-29T02:30:00+0000"
        }
    },
    {
        "model": "portal.Project",
        "pk": 19,
        "fields": {
            "name": "Overall Project",
            "owner": 32,
            "is_approved": true,
            "summary": "Four official moment.",
            "is_seeking_members": false,
            "updated_at": "2022-12-29T02:30:00+0000",
            "created_at": "2022-12-29T02:30:00+0000"
        }
    },
    {
        "model": "portal.Project",
        "pk": 20,
        "fields": {
            "name": "Heavy Project",
            "owner": 5,
            "is_approved": true,
            "summary": "Indicate whom six word huge service real.",
            "is_seeking_members": false,
            "updated_at": "2022-12-29T02:30:00+0000",
            "created_at": "2022-12-29T02:30:00+0000"
        }
    },
    {
        "model": "portal.Project",
        "pk": 21,
        "fields": {
            "name": "Dramatic Project",
            "owner": 7,
            "is_approved": true,
            "summary": "Various stay performance.",
            "is_seeking_members": false,
            "updated_at": "2022-12-29T02:30:00+0000",
            "created_at": "2022-12-29T02:30:00+0000"
        }
    },
    {
        "model": "portal.Project",
        "pk": 22,
        "fields": {
            "name": "Lonely Project",
            "owner": 2,
            "is_approved": true,
            "summary": "Unit matter pick say win peace my.",
            "is_seeking_members": false,
            "updated_at": "2022-12-29T02:30:00+0000",
            "created_at": "2022-12-29T02:30:00+0000"
        }
    },
    {
        "model": "portal.Project",
        "pk": 23,
        "fields": {
            "name": "Single Project",
            "owner": 11,
            "is_approved": true,
            "summary": "Water share who though art while spend.",
            "is_seeking_members": false,
            "updated_at": "2022-12-29T02:30:00+0000",
            "created_at": "2022-12-29T02:30:00+0000"
        }
    },
    {
        "model": "portal.Project",
        "pk": 24,
        "fields": {
            "name": "Sexual Project",
            "owner": 19,
            "is_approved": true,
            "summary": "Rock certain us who interest.",
            "is_seeking_members": false,
            "updated_at": "2022-12-29T02:30:00+0000",
            "created_at": "2022-12-29T02:30:00+0000"
        }
    },
    {
        "model": "portal.Project",
        "pk": 25,
        "fields": {
            "name": "Even Project",
            "owner": 3,
            "is_approved": true,
            "summary": "Majority very do fine happen major create site.",
            "is_seeking_members": false,
            "updated_at": "2022-12-29T02:30:00+0000",
            "created_at": "2022-12-29T02:30:00+0000"
        }
    },
    {
        "model": "portal.Project",
        "pk": 26,
        "fields": {
            "name": "Usual Project",
            "owner": 44,
            "is_approved": false,
            "summary": "Figure project both.",
            "is_seeking_members": false,
            "updated_at": "2022-12-29T02:30:00+0000",
            "created_at": "2022-12-29T02:30:00+0000"
        }
    },
    {
        "model": "portal.Project",
        "pk": 27,
        "fields": {
            "name": "Similar Project",
            "owner": 40,
            "is_approved": true,
            "summary": "Data animal lawyer sign mean civil region.",
            "is_seeking_members": true,
            "updated_at": "2022-12-29T02:30:00+0000",
            "created_at": "2022-12-29T02:30:00+0000"
        }
    },
    {
        "model": "portal.Project",
        "pk": 28,
        "fields": {
            "name": "Super Project",
            "owner": 14,
            "is_approved": true,
            "summary": "Protect keep large require.",
            "is_seeking_members": true,
            "updated_at": "2022-12-29T02:30:00+0000",
            "created_at": "2022-12-29T02:30:00+0000"
        }
    },
    {
        "model": "portal.Project",
        "pk": 29,
        "fields": {
            "name": "Lost Project",
            "owner": 46,
            "is_approved": true,
            "summary": "Once traditional tend television window wrong hand.",
            "is_seeking_members": false,
            "updated_at": "2022-12-29T02:30:00+0000",
            "created_at": "2022-12-29T02:30:00+0000"
        }
    },
    {
        "model": "portal.Project",
        "pk": 30,
        "fields": {
            "name": "Desperate Project",
            "owner": 43,
            "is_approved": true,
            "summary": "Turn report commercial data.",
            "is_seeking_members": false,
            "updated_at": "2022-12-29T02:30:00+0000",
            "created_at": "2022-12-29T02:30:00+0000"
        }
    },
    {
        "model": "portal.Project",
        "pk": 31,
        "fields": {
            "name": "Sensitive Project",
            "owner": 7,
            "is_approved": true,
            "summary": "Can probably coach manager however.",
            "is_seeking_members": false,
            "updated_at": "2022-12-29T02:30:00+0000",
            "created_at": "2022-12-29T02:30:00+0000"
        }
    },
    {
        "model": "portal.Project",
        "pk": 32,
        "fields": {
            "name": "Automatic Project",
            "owner": 35,
            "is_approved": true,
            "summary": "Region drop reflect herself everyone.",
            "is_seeking_members": false,
            "updated_at": "2022-12-29T02:30:00+0000",
            "created_at": "2022-12-29T02:30:00+0000"
        }
    },
    {
        "model": "portal.Project",
        "pk": 33,
        "fields": {
            "name": "Stupid Project",
            "owner": 32,
            "is_approved": true,
            "summary": "Goal audience expect seem less.",
            "is_seeking_members": false,
            "updated_at": "2022-12-29T02:30:00+0000",
            "created_at": "2022-12-29T02:30:00+0000"
        }
    },
    {
        "model": "portal.Project",
        "pk": 34,
        "fields": {
            "name": "Individual Project",
            "owner": 8,
            "is_approved": true,
            "summary": "Voice either interesting.",
            "is_seeking_members": false,
            "updated_at": "2022-12-29T02:30:00+0000",
            "created_at": "2022-12-29T02:30:00+0000"
        }
    },
    {
        "model": "portal.Project",
        "pk": 35,
        "fields": {
            "name": "Opposite Project",
            "owner": 36,
            "is_approved": true,
            "summary": "Trouble role well later during.",
            "is_seeking_members": true,
            "updated_at": "2022-12-29T02:30:00+0000",
            "created_at": "2022-12-29T02:30:00+0000"
        }
    },
    {
        "model": "portal.Project",
        "pk": 36,
        "fields": {
            "name": "Competitive Project",
            "owner": 29,
            "is_approved": true,
            "summary": "Test number government world.",
            "is_seeking_members": false,
            "updated_at": "2022-12-29T02:30:00+0000",
            "created_at": "2022-12-29T02:30:00+0000"
        }
    },
    {
        "model": "portal.Project",
        "pk": 37,
        "fields": {
            "name": "Possible Project",
            "owner": 8,
            "is_approved": true,
            "summary": "Actually fly interview believe relationship he.",
            "is_seeking_members": false,
            "updated_at": "2022-12-29T02:30:00+0000",
            "created_at": "2022-12-29T02:30:00+0000"
        }
    },
    {
        "model": "portal.Project",
        "pk": 38,
        "fields": {
            "name": "Obvious Project",
            "owner": 11,
            "is_approved": true,
            "summary": "Control east likely author none.",
            "is_seeking_members": false,
            "updated_at": "2022-12-29T02:30:00+0000",
            "created_at": "2022-12-29T02:30:00+0000"
        }
    },
    {
        "model": "portal.Project",
        "pk": 39,
        "fields": {
            "name": "Beautiful Project",
            "owner": 28,
            "is_approved": true,
            "summary": "Sometimes security much performance shoulder place quality.",
            "is_seeking_members": false,
            "updated_at": "2022-12-29T02:30:00+0000",
            "created_at": "2022-12-29T02:30:00+0000"
        }
    },
    {
        "model": "portal.Project",
        "pk": 40,
        "fields": {
            "name": "Straight Project",
            "owner": 32,
            "is_approved": true,
            "summary": "Early hit value newspaper lot.",
            "is_seeking_members": false,
            "updated_at": "2022-12-29T02:30:00+0000",
            "created_at": "2022-12-29T02:30:00+0000"
        }
    },
    {
        "model": "portal.Project",
        "pk": 41,
        "fields": {
            "name": "Upper Project",
            "owner": 43,
            "is_approved": true,
            "summary": "Defense TV ago us federal heart traditional.",
            "is_seeking_members": false,
            "updated_at": "2022-12-29T02:30:00+0000",
            "created_at": "2022-12-29T02:30:00+0000"
        }
    },
    {
        "model": "portal.Project",
        "pk": 42,
        "fields": {
            "name": "Secure Project",
            "owner": 29,
            "is_approved": true,
            "summary": "Purpose business season on necessary news.",
            "is_seeking_members": false,
            "updated_at": "2022-12-29T02:30:00+0000",
            "created_at": "2022-12-29T02:30:00+0000"
        }
    },
    {
        "model": "portal.Project",
        "pk": 43,
        "fields": {
            "name": "Distinct Project",
            "owner": 45,
            "is_approved": true,
            "summary": "Newspaper fish ready begin.",
            "is_seeking_members": false,
            "updated_at": "2022-12-29T02:30:00+0000",
            "created_at": "2022-12-29T02:30:00+0000"
        }
    },
    {
        "model": "portal.Project",
        "pk": 44,
        "fields": {
            "name": "Global Project",
            "owner": 3,
            "is_approved": true,
            "summary": "Reason this try television growth service where.",
            "is_seeking_members": false,
            "updated_at": "2022-12-29T02:30:00+0000",
            "created_at": "2022-12-29T02:30:00+0000"
        }
    },
    {
        "model": "portal.Project",
        "pk": 45,
        "fields": {
            "name": "Visible Project",
            "owner": 24,
            "is_approved": true,
            "summary": "Create economy activity relationship.",
            "is_seeking_members": true,
            "updated_at": "2022-12-29T02:30:00+0000",
            "created_at": "2022-12-29T02:30:00+0000"
        }
    },
    {
        "model": "portal.Project",
        "pk": 46,
        "fields": {
            "name": "Natural Project",
            "owner": 6,
            "is_approved": true,
            "summary": "Whose big certainly clear.",
            "is_seeking_members": false,
            "updated_at": "2022-12-29T02:30:00+0000",
            "created_at": "2022-12-29T02:30:00+0000"
        }
    },
    {
        "model": "portal.Project",
        "pk": 47,
        "fields": {
            "name": "Great Project",
            "owner": 35,
            "is_approved": true,
            "summary": "Drive ten industry both hot.",
            "is_seeking_members": false,
            "updated_at": "2022-12-29T02:30:00+0000",
            "created_at": "2022-12-29T02:30:00+0000"
        }
    },
    {
        "model": "portal.Project",
        "pk": 48,
        "fields": {
            "name": "Grand Project",
            "owner": 24,
            "is_approved": true,
            "summary": "Relate pattern occur toward finally.",
            "is_seeking_members": false,
            "updated_at": "2022-12-29T02:30:00+0000",
            "created_at": "2022-12-29T02:30:00+0000"
        }
    },
    {
        "model": "portal.Project",
        "pk": 49,
        "fields": {
            "name": "Adult Project",
            "owner": 18,
            "is_approved": true,
            "summary": "Thousand property meet animal former.",
            "is_seeking_members": false,
            "updated_at": "2022-12-29T02:30:00+0000",
            "created_at": "2022-12-29T02:30:00+0000"
        }
    },
    {
        "model": "portal.Enrollment",
        "pk": 2,
        "fields": {
            "semester": "202301",
            "user": 2,
            "project": 9,
            "credits": 4,
            "is_project_lead": false,
            "updated_at": "2022-12-29T02:30:00+0000",
            "created_at": "2022-12-29T02:30:00+0000"
        }
    },
    {
        "model": "portal.Enrollment",
        "pk": 3,
        "fields": {
            "semester": "202301",
            "user": 3,
            "project": 10,
            "credits": 3,
            "is_project_lead": false,
            "updated_at": "2022-12-29T02:30:00+0000",
            "created_at": "2022-12-29T02:30:00+0000"
        }
    },
    {
        "model": "portal.Enrollment",
        "pk": 4,
        "fields": {
            "semester": "202301",
            "user": 4,
            "project": 16,
            "credits": 0,
            "is_project_lead": false,
            "updated_at": "2022-12-29T02:30:00+0000",
            "created_at": "2022-12-29T02:30:00+0000"
        }
    },
    {
        "model": "portal.Enrollment",
        "pk": 5,
        "fields": {
            "semester": "202301",
            "user": 5,
            "project": 49,
            "credits": 4,
            "is_project_lead": false,
            "updated_at": "2022-12-29T02:30:00+0000",
            "created_at": "2022-12-29T02:30:00+0000"
        }
    },
    {
        "model": "portal.Enrollment",
        "pk": 6,
        "fields": {
            "semester": "202301",
            "user": 6,
            "project": 35,
            "credits": 3,
            "is_project_lead": false,
            "updated_at": "2022-12-29T02:30:00+0000",
            "created_at": "2022-12-29T02:30:00+0000"
        }
    },
    {
        "model": "portal.Enrollment",
        "pk": 7,
        "fields": {
            "semester": "202301",
            "user": 7,
            "project": 39,
            "credits": 0,
            "is_project_lead": false,
            "updated_at": "2022-12-29T02:30:00+0000",
            "created_at": "2022-12-29T02:30:00+0000"
        }
    },
    {
        "model": "portal.Enrollment",
        "pk": 8,
        "fields": {
            "semester": "202301",
            "user": 8,
            "project": 11,
            "credits": 3,
            "is_project_lead": false,
            "updated_at": "2022-12-29T02:30:00+0000",
            "created_at": "2022-12-29T02:30:00+0000"
        }
    },
    {
        "model": "portal.Enrollment",
        "pk": 9,
        "fields": {
            "semester": "202301",
            "user": 9,
            "project": 42,
            "credits": 0,
            "is_project_lead": false,
            "updated_at": "2022-12-29T02:30:00+0000",
            "created_at": "2022-12-29T02:30:00+0000"
        }
    },
    {
        "model": "portal.Enrollment",
        "pk": 10,
        "fields": {
            "semester": "202301",
            "user": 10,
            "project": 7,
            "credits": 3,
            "is_project_lead": false,
            "updated_at": "2022-12-29T02:30:00+0000",
            "created_at": "2022-12-29T02:30:00+0000"
        }
    },
    {
        "model": "portal.Enrollment",
        "pk": 11,
        "fields": {
            "semester": "202301",
            "user": 11,
            "project": 24,
            "credits": 4,
            "is_project_lead": true,
            "updated_at": "2022-12-29T02:30:00+0000",
            "created_at": "2022-12-29T02:30:00+0000"
        }
    },
    {
        "model": "portal.Enrollment",
        "pk": 12,
        "fields": {
            "semester": "202301",
            "user": 12,
            "project": 40,
            "credits": 1,
            "is_project_lead": false,
            "updated_at": "2022-12-29T02:30:00+0000",
            "created_at": "2022-12-29T02:30:00+0000"
        }
    },
    {
        "model": "portal.Enrollment",
        "pk": 13,
        "fields": {
            "semester": "202301",
            "user": 13,
            "project": 44,
            "credits": 3,
            "is_project_lead": false,
            "updated_at": "2022-12-29T02:30:00+0000",
            "created_at": "2022-12-29T02:30:00+0000"
        }
    },
    {
        "model": "portal.Enrollment",
        "pk": 14,
        "fields": {
            "semester": "202301",
            "user": 14,
            "project": 11,
            "credits": 0,
            "is_project_lead": false,
            "updated_at": "2022-12-29T02:30:00+0000",
            "created_at": "2022-12-29T02:30:00+0000"
        }
    },
    {
        "model": "portal.Enrollment",
        "pk": 15,
        "fields": {
            "semester": "202301",
            "user": 15,
            "project": 29,
            "credits": 3,
            "is_project_lead": false,
            "updated_at": "2022-12-29T02:30:00+0000",
            "created_at": "2022-12-29T02:30:00+0000"
        }
    },
    {
        "model": "portal.Enrollment",
        "pk": 16,
        "fields": {
            "semester": "202301",
            "user": 16,
            "project": 45,
            "credits": 2,
            "is_project_lead": true,
            "updated_at": "2022-12-29T02:30:00+0000",
            "created_at": "2022-12-29T02:30:00+0000"
        }
    },
    {
        "model": "portal.Enrollment",
        "pk": 17,
        "fields": {
            "semester": "202301",
            "user": 17,
            "project": 38,
            "credits": 3,
            "is_project_lead": true,
            "updated_at": "2022-12-29T02:30:00+0000",
            "created_at": "2022-12-29T02:30:00+0000"
        }
    },
    {
        "model": "portal.Enrollment",
        "pk": 18,
        "fields": {
            "semester": "202301",
            "user": 18,
            "project": 5,
            "credits": 1,
            "is_project_lead": false,
            "updated_at": "2022-12-29T02:30:00+0000",
            "created_at": "2022-12-29T02:30:00+0000"
        }
    },
    {
        "model": "portal.Enrollment",
        "pk": 19,
        "fields": {
            "semester": "202301",
            "user": 19,
            "project": 30,
            "credits": 4,
            "is_project_lead": true,
            "updated_at": "2022-12-29T02:30:00+0000",
            "created_at": "2022-12-29T02:30:00+0000"
        }
    },
    {
        "model": "portal.Enrollment",
        "pk": 20,
        "fields": {
            "semester": "202301",
            "user": 20,
            "project": 16,
            "credits": 2,
            "is_project_lead": true,
            "updated_at": "2022-12-29T02:30:00+0000",
            "created_at": "2022-12-29T02:30:00+0000"
        }
    },
    {
        "model": "portal.Enrollment",
        "pk": 21,
        "fields": {
            "semester": "202301",
            "user": 21,
            "project": 31,
            "credits": 0,
            "is_project_lead": true,
            "updated_at": "2022-12-29T02:30:00+0000",
            "created_at": "2022-12-29T02:30:00+0000"
        }
    },
    {
        "model": "portal.Enrollment",
        "pk": 22,
        "fields": {
            "semester": "202301",
            "user": 22,
            "project": 18,
            "credits": 0,
            "is_project_lead": false,
            "updated_at": "2022-12-29T02:30:00+0000",
            "created_at": "2022-12-29T02:30:00+0000"
        }
    },
    {
        "model": "portal.Enrollment",
        "pk": 23,
        "fields": {
            "semester": "202301",
            "user": 23,
            "project": 26,
            "credits": 0,
            "is_project_lead": false,
            "updated_at": "2022-12-29T02:30:00+0000",
            "created_at": "2022-12-29T02:30:00+0000"
        }
    },
    {
        "model": "portal.Enrollment",
        "pk": 24,
        "fields": {
            "semester": "202301",
            "user": 24,
            "project": 39,
            "credits": 1,
            "is_project_lead": false,
            "updated_at": "2022-12-29T02:30:00+0000",
            "created_at": "2022-12-29T02:30:00+0000"
        }
    },
    {
        "model": "portal.Enrollment",
        "pk": 25,
        "fields": {
            "semester": "202301",
            "user": 25,
            "project": 37,
            "credits": 2,
            "is_project_lead": false,
            "updated_at": "2022-12-29T02:30:00+0000",
            "created_at": "2022-12-29T02:30:00+0000"
        }
    },
    {
        "model": "portal.Enrollment",
        "pk": 26,
        "fields": {
            "semester": "202301",
            "user": 26,
            "project": 45,
            "credits": 3,
            "is_project_lead": true,
            "updated_at": "2022-12-29T02:30:00+0000",
            "created_at": "2022-12-29T02:30:00+0000"
        }
    },
    {
        "model": "portal.Enrollment",
        "pk": 27,
        "fields": {
            "semester": "202301",
            "user": 27,
            "project": 23,
            "credits": 1,
            "is_project_lead": false,
            "updated_at": "2022-12-29T02:30:00+0000",
            "created_at": "2022-12-29T02:30:00+0000"
        }
    },
    {
        "model": "portal.Enrollment",
        "pk": 28,
        "fields": {
            "semester": "202301",
            "user": 28,
            "project": 20,
            "credits": 0,
            "is_project_lead": false,
            "updated_at": "2022-12-29T02:30:00+0000",
            "created_at": "2022-12-29T02:30:00+0000"
        }
    },
    {
        "model": "portal.Enrollment",
        "pk": 29,
        "fields": {
            "semester": "202301",
            "user": 29,
            "project": 25,
            "credits": 3,
            "is_project_lead": false,
            "updated_at": "2022-12-29T02:30:00+0000",
            "created_at": "2022-12-29T02:30:00+0000"
        }
    },
    {
        "model": "portal.Enrollment",
        "pk": 30,
        "fields": {
            "semester": "202301",
            "user": 30,
            "project": 42,
            "credits": 1,
            "is_project_lead": false,
            "updated_at": "2022-12-29T02:30:00+0000",
            "created_at": "2022-12-29T02:30:00+0000"
        }
    },
    {
        "model": "portal.Enrollment",
        "pk": 31,
        "fields": {
            "semester": "202301",
            "user": 31,
            "project": 34,
            "credits": 2,
            "is_project_lead": false,
            "updated_at": "2022-12-29T02:30:00+0000",
            "created_at": "2022-12-29T02:30:00+0000"
        }
    },
    {
        "model": "portal.Enrollment",
        "pk": 32,
        "fields": {
            "semester": "202301",
            "user": 32,
            "project": 20,
            "credits": 1,
            "is_project_lead": true,
            "updated_at": "2022-12-29T02:30:00+0000",
            "created_at": "2022-12-29T02:30:00+0000"
        }
    },
    {
        "model": "portal.Enrollment",
        "pk": 33,
        "fields": {
            "semester": "202301",
            "user": 33,
            "project": 43,
            "credits": 0,
            "is_project_lead": false,
            "updated_at": "2022-12-29T02:30:00+0000",
            "created_at": "2022-12-29T02:30:00+0000"
        }
    },
    {
        "model": "portal.Enrollment",
        "pk": 34,
        "fields": {
            "semester": "202301",
            "user": 34,
            "project": 29,
            "credits": 2,
            "is_project_lead": false,
            "updated_at": "2022-12-29T02:30:00+0000",
            "created_at": "2022-12-29T02:30:00+0000"
        }
    },
    {
        "model": "portal.Enrollment",
        "pk": 35,
        "fields": {
            "semester": "202301",
            "user": 35,
            "project": 46,
            "credits": 0,
            "is_project_lead": false,
            "updated_at": "2022-12-29T02:30:00+0000",
            "created_at": "2022-12-29T02:30:00+0000"
        }
    },
    {
        "model": "portal.Enrollment",
        "pk": 36,
        "fields": {
            "semester": "202301",
            "user": 36,
            "project": 35,
            "credits": 3,
            "is_project_lead": false,
            "updated_at": "2022-12-29T02:30:00+0000",
            "created_at": "2022-12-29T02:30:00+0000"
        }
    },
    {
        "model": "portal.Enrollment",
        "pk": 37,
        "fields": {
            "semester": "202301",
            "user": 37,
            "project": 29,
            "credits": 4,
            "is_project_lead": true,
            "updated_at": "2022-12-29T02:30:00+0000",
            "created_at": "2022-12-29T02:30:00+0000"
        }
    },
    {
        "model": "portal.Enrollment",
        "pk": 38,
        "fields": {
            "semester": "202301",
            "user": 38,
            "project": 23,
            "credits": 4,
            "is_project_lead": true,
            "updated_at": "2022-12-29T02:30:00+0000",
            "created_at": "2022-12-29T02:30:00+0000"
        }
    },
    {
        "model": "portal.Enrollment",
        "pk": 39,
        "fields": {
            "semester": "202301",
            "user": 39,
            "project": 22,
            "credits": 0,
            "is_project_lead": true,
            "updated_at": "2022-12-29T02:30:00+0000",
            "created_at": "2022-12-29T02:30:00+0000"
        }
    },
    {
        "model": "portal.Enrollment",
        "pk": 40,
        "fields": {
            "semester": "202301",
            "user": 40,
            "project": 36,
            "credits": 2,
            "is_project_lead": true,
            "updated_at": "2022-12-29T02:30:00+0000",
            "created_at": "2022-12-29T02:30:00+0000"
        }
    },
    {
        "model": "portal.Enrollment",
        "pk": 41,
        "fields": {
            "semester": "202301",
            "user": 41,
            "project": 10,
            "credits": 4,
            "is_project_lead": false,
            "updated_at": "2022-12-29T02:30:00+0000",
            "created_at": "2022-12-29T02:30:00+0000"
        }
    },
    {
        "model": "portal.Enrollment",
        "pk": 42,
        "fields": {
            "semester": "202301",
            "user": 42,
            "project": 6,
            "credits": 2,
            "is_project_lead": false,
            "updated_at": "2022-12-29T02:30:00+0000",
            "created_at": "2022-12-29T02:30:00+0000"
        }
    },
    {
        "model": "portal.Enrollment",
        "pk": 43,
        "fields": {
            "semester": "202301",
            "user": 43,
            "project": 49,
            "credits": 4,
            "is_project_lead": false,
            "updated_at": "2022-12-29T02:30:00+0000",
            "created_at": "2022-12-29T02:30:00+0000"
        }
    },
    {
        "model": "portal.Enrollment",
        "pk": 44,
        "fields": {
            "semester": "202301",
            "user": 44,
            "project": 12,
            "credits": 4,
            "is_project_lead": false,
            "updated_at": "2022-12-29T02:30:00+0000",
            "created_at": "2022-12-29T02:30:00+0000"
        }
    },
    {
        "model": "portal.Enrollment",
        "pk": 45,
        "fields": {
            "semester": "202301",
            "user": 45,
            "project": 7,
            "credits": 1,
            "is_project_lead": false,
            "updated_at": "2022-12-29T02:30:00+0000",
            "created_at": "2022-12-29T02:30:00+0000"
        }
    },
    {
        "model": "portal.Enrollment",
        "pk": 46,
        "fields": {
            "semester": "202301",
            "user": 46,
            "project": 48,
            "credits": 4,
            "is_project_lead": true,
            "updated_at": "2022-12-29T02:30:00+0000",
            "created_at": "2022-12-29T02:30:00+0000"
        }
    },
    {
        "model": "portal.Enrollment",
        "pk": 47,
        "fields": {
            "semester": "202301",
            "user": 47,
            "project": 21,
            "credits": 3,
            "is_project_lead": false,
            "updated_at": "2022-12-29T02:30:00+0000",
            "created_at": "2022-12-29T02:30:00+0000"
        }
    },
    {
        "model": "portal.Enrollment",
        "pk": 48,
        "fields": {
            "semester": "202301",
            "user": 48,
            "project": 25,
            "credits": 1,
            "is_project_lead": false,
            "updated_at": "2022-12-29T02:30:00+0000",
            "created_at": "2022-12-29T02:30:00+0000"
        }
    },
    {
        "model": "portal.Enrollment",
        "pk": 49,
        "fields": {
            "semester": "202301",
            "user": 49,
            "project": 9,
            "credits": 1,
            "is_project_lead": false,
            "updated_at": "2022-12-29T02:30:00+0000",
            "created_at": "2022-12-29T02:30:00+0000"
        }
    }
]