[{"model": "portal.User", "pk": 2, "fields": {"email": "student2@rpi.edu", "first_name": "Carrie", "last_name": "Morrison", "is_approved": true, "role": "rpi", "rcs_id": "student2", "graduation_year": 2023, "updated_at": "2022-12-29T02:30:00+0000", "created_at": "2022-12-29T02:30:00+0000"}}, {"model": "portal.User", "pk": 3, "fields": {"email": "student3@rpi.edu", "first_name": "Benjamin", "last_name": "Williams", "is_approved": true, "role": "rpi", "rcs_id": "student3", "graduation_year": 2022, "updated_at": "2022-12-29T02:30:00+0000", "created_at": "2022-12-29T02:30:00+0000"}}, {"model": "portal.User", "pk": 4, "fields": {"email": "student4@rpi.edu", "first_name": "Travis", "last_name": "Hernandez", "is_approved": true, "role": "rpi", "rcs_id": "student4", "graduation_year": 2025, "updated_at": "2022-12-29T02:30:00+0000", "created_at": "2022-12-29T02:30:00+0000"}}, {"model": "portal.User", "pk": 5, "fields": {"email": "student5@rpi.edu", "first_name": "Rhonda", "last_name": "Ho", "is_approved": true, "role": "rpi", "rcs_id": "student5", "graduation_year": 2023, "updated_at": "2022-12-29T02:30:00+0000", "created_at": "2022-12-29T02:30:00+0000"}}, {"model": "portal.User", "pk": 6, "fields": {"email": "student6@rpi.edu", "first_name": "Eileen", "last_name": "Jones", "is_approved": true, "role": "rpi", "rcs_id": "student6", "graduation_year": 2024, "updated_at": "2022-12-29T02:30:00+0000", "created_at": "2022-12-29T02:30:00+0000"}}, {"model": "portal.User", "pk": 7, "fields": {"email": "student7@rpi.edu", "first_name": "Michael", "last_name": "Shelton", "is_approved": true, "role": "rpi", "rcs_id": "student7", "graduation_year": 2022, "updated_at": "2022-12-29T02:30:00+0000", "created_at": "2022-12-29T02:30:00+0000"}}, {"model": "portal.User", "pk": 8, "fields": {"email": "student8@rpi.edu", "first_name": "Charles", "last_name": "Tapia", "is_approved": false, "role": "rpi", "rcs_id": "student8", "graduation_year": 2025, "updated_at": "2022-12-29T02:30:00+0000", "created_at": "2022-12-29T02:30:00+0000"}}, {"model": "portal.User", "pk": 9, "fields": {"email": "student9@rpi.edu", "first_name": "Deborah", "last_name": "Richardson", "is_approved": true, "role": "rpi", "rcs_id": "student9", "graduation_year": 2022, "updated_at": "2022-12-29T02:30:00+0000", "created_at": "2022-12-29T02:30:00+0000"}}, {"model": "portal.User", "pk": 10, "fields": {"email": "student10@rpi.edu", "first_name": "Sandra", "last_name": "Hunt", "is_approved": true, "role": "rpi", "rcs_id": "student10", "graduation_year": 2025, "updated_at": "2022-12-29T02:30:00+0000", "created_at": "2022-12-29T02:30:00+0000"}}, {"model": "portal.User", "pk": 11, "fields": {"email": "student11@rpi.edu", "first_name": "Paul", "last_name": "Hendrix", "is_approved": true, "role": "rpi", "rcs_id": "student11", "graduation_year": 2023, "updated_at": "2022-12-29T02:30:00+0000", "created_at": "2022-12-29T02:30:00+0000"}}, {"model": "portal.User", "pk": 12, "fields": {"email": "student12@rpi.edu", "first_name": "George", "last_name": "Sanford", "is_approved": true, "role": "rpi", "rcs_id": "student12", "graduation_year": 2023, "updated_at": "2022-12-29T02:30:00+0000", "created_at": "2022-12-29T02:30:00+0000"}}, {"model": "portal.User", "pk": 13, "fields": {"email": "student13@rpi.edu", "first_name": "James", "last_name": "Johnston", "is_approved": true, "role": "rpi", "rcs_id": "student13", "graduation_year": 2023, "updated_at": "2022-12-29T02:30:00+0000", "created_at": "2022-12-29T02:30:00+0000"}}, {"model": "portal.User", "pk": 14, "fields": {"email": "student14@rpi.edu", "first_name": "Sheri", "last_name": "Davis", "is_approved": true, "role": "rpi", "rcs_id": "student14", "graduation_year": 2025, "updated_at": "2022-12-29T02:30:00+0000", "created_at": "2022-12-29T02:30:00+0000"}}, {"model": "portal.User", "pk": 15, "fields": {"email": "student15@rpi.edu", "first_name": "Brittany", "last_name": "Cole", "is_approved": true, "role": "rpi", "rcs_id": "student15", "graduation_year": 2024, "updated_at": "2022-12-29T02:30:00+0000", "created_at": "2022-12-29T02:30:00+0000"}}, {"model": "portal.User", "pk": 16, "fields": {"email": "student16@rpi.edu", "first_name": "Amanda", "last_name": "Hatfield", "is_approved": true, "role": "rpi", "rcs_id": "student16", "graduation_year": 2024, "updated_at": "2022-12-29T02:30:00+0000", "created_at": "2022-12-29T02:30:00+0000"}}, {"model": "portal.User", "pk": 17, "fields": {"email": "student17@rpi.edu", "first_name": "Joseph", "last_name": "Deleon", "is_approved": false, "role": "rpi", "rcs_id": "student17", "graduation_year": 2025, "updated_at": "2022-12-29T02:30:00+0000", "created_at": "2022-12-29T02:30:00+0000"}}, {"model": "portal.User", "pk": 18, "fields": {"email": "student18@rpi.edu", "first_name": "Barbara", "last_name": "Miller", "is_approved": true, "role": "rpi", "rcs_id": "student18", "graduation_year": 2025, "updated_at": "2022-12-29T02:30:00+0000", "created_at": "2022-12-29T02:30:00+0000"}}, {"model": "portal.User", "pk": 19, "fields": {"email": "student19@rpi.edu", "first_name": "Lorraine", "last_name": "Durham", "is_approved": true, "role": "rpi", "rcs_id": "student19", "graduation_year": 2022, "updated_at": "2022-12-29T02:30:00+0000", "created_at": "2022-12-29T02:30:00+0000"}}, {"model": "portal.User", "pk": 20, "fields": {"email": "student20@rpi.edu", "first_name": "Justin", "last_name": "Foley", "is_approved": true, "role": "rpi", "rcs_id": "student20", "graduation_year": 2025, "updated_at": "2022-12-29T02:30:00+0000", "created_at": "2022-12-29T02:30:00+0000"}}, {"model": "portal.User", "pk": 21, "fields": {"email": "student21@rpi.edu", "first_name": "Christopher", "last_name": "Wolfe", "is_approved": true, "role": "rpi", "rcs_id": "student21", "graduation_year": 2025, "updated_at": "2022-12-29T02:30:00+0000", "created_at": "2022-12-29T02:30:00+0000"}}, {"model": "portal.User", "pk": 22, "fields": {"email": "student22@rpi.edu", "first_name": "Christopher", "last_name": "Liu", "is_approved": true, "role": "rpi", "rcs_id": "student22", "graduation_year": 2025, "updated_at": "2022-12-29T02:30:00+0000", "created_at": "2022-12-29T02:30:00+0000"}}, {"model": "portal.User", "pk": 23, "fields": {"email": "student23@rpi.edu", "first_name": "Nicole", "last_name": "Brewer", "is_approved": true, "role": "rpi", "rcs_id": "student23", "graduation_year": 2025, "updated_at": "2022-12-29T02:30:00+0000", "created_at": "2022-12-29T02:30:00+0000"}}, {"model": "portal.User", "pk": 24, "fields": {"email": "student24@rpi.edu", "first_name": "Michael", "last_name": "Jones", "is_approved": true, "role": "rpi", "rcs_id": "student24", "graduation_year": 2025, "updated_at": "2022-12-29T02:30:00+0000", "created_at": "2022-12-29T02:30:00+0000"}}, {"model": "portal.User", "pk": 25, "fields": {"email": "student25@rpi.edu", "first_name": "Stacy", "last_name": "Myers", "is_approved": true, "role": "rpi", "rcs_id": "student25", "graduation_year": 2024, "updated_at": "2022-12-29T02:30:00+0000", "created_at": "2022-12-29T02:30:00+0000"}}, {"model": "portal.User", "pk": 26, "fields": {"email": "student26@rpi.edu", "first_name": "Renee", "last_name": "Park", "is_approved": true, "role": "rpi", "rcs_id": "student26", "graduation_year": 2023, "updated_at": "2022-12-29T02:30:00+0000", "created_at": "2022-12-29T02:30:00+0000"}}, {"model": "portal.User", "pk": 27, "fields": {"email": "student27@rpi.edu", "first_name": "Stacey", "last_name": "Chen", "is_approved": true, "role": "rpi", "rcs_id": "student27", "graduation_year": 2025, "updated_at": "2022-12-29T02:30:00+0000", "created_at": "2022-12-29T02:30:00+0000"}}, {"model": "portal.User", "pk": 28, "fields": {"email": "student28@rpi.edu", "first_name": "Kelli", "last_name": "Herring", "is_approved": true, "role": "rpi", "rcs_id": "student28", "graduation_year": 2022, "updated_at": "2022-12-29T02:30:00+0000", "created_at": "2022-12-29T02:30:00+0000"}}, {"model": "portal.User", "pk": 29, "fields": {"email": "student29@rpi.edu", "first_name": "Charles", "last_name": "Payne", "is_approved": false, "role": "rpi", "rcs_id": "student29", "graduation_year": 2022, "updated_at": "2022-12-29T02:30:00+0000", "created_at": "2022-12-29T02:30:00+0000"}}, {"model": "portal.User", "pk": 30, "fields": {"email": "student30@rpi.edu", "first_name": "Kevin", "last_name": "Choi", "is_approved": true, "role": "rpi", "rcs_id": "student30", "graduation_year": 2024, "updated_at": "2022-12-29T02:30:00+0000", "created_at": "2022-12-29T02:30:00+0000"}}, {"model": "portal.User", "pk": 31, "fields": {"email": "student31@rpi.edu", "first_name": "Maria", "last_name": "Huff", "is_approved": true, "role": "rpi", "rcs_id": "student31", "graduation_year": 2025, "updated_at": "2022-12-29T02:30:00+0000", "created_at": "2022-12-29T02:30:00+0000"}}, {"model": "portal.User", "pk": 32, "fields": {"email": "student32@rpi.edu", "first_name": "Amy", "last_name": "Ortega", "is_approved": true, "role": "rpi", "rcs_id": "student32", "graduation_year": 2025, "updated_at": "2022-12-29T02:30:00+0000", "created_at": "2022-12-29T02:30:00+0000"}}, {"model": "portal.User", "pk": 33, "fields": {"email": "student33@rpi.edu", "first_name": "Austin", "last_name": "Finley", "is_approved": true, "role": "rpi", "rcs_id": "student33", "graduation_year": 2024, "updated_at": "2022-12-29T02:30:00+0000", "created_at": "2022-12-29T02:30:00+0000"}}, {"model": "portal.User", "pk": 34, "fields": {"email": "student34@rpi.edu", "first_name": "Jeff", "last_name": "Shields", "is_approved": true, "role": "rpi", "rcs_id": "student34", "graduation_year": 2025, "updated_at": "2022-12-29T02:30:00+0000", "created_at": "2022-12-29T02:30:00+0000"}}, {"model": "portal.User", "pk": 35, "fields": {"email": "student35@rpi.edu", "first_name": "Jennifer", "last_name": "Allen", "is_approved": true, "role": "rpi", "rcs_id": "student35", "graduation_year": 2024, "updated_at": "2022-12-29T02:30:00+0000", "created_at": "2022-12-29T02:30:00+0000"}}, {"model": "portal.User", "pk": 36, "fields": {"email": "student36@rpi.edu", "first_name": "Sabrina", "last_name": "Flowers", "is_approved": true, "role": "rpi", "rcs_id": "student36", "graduation_year": 2023, "updated_at": "2022-12-29T02:30:00+0000", "created_at": "2022-12-29T02:30:00+0000"}}, {"model": "portal.User", "pk": 37, "fields": {"email": "student37@rpi.edu", "first_name": "Ashlee", "last_name": "Turner", "is_approved": true, "role": "rpi", "rcs_id": "student37", "graduation_year": 2025, "updated_at": "2022-12-29T02:30:00+0000", "created_at": "2022-12-29T02:30:00+0000"}}, {"model": "portal.User", "pk": 38, "fields": {"email": "student38@rpi.edu", "first_name": "Breanna", "last_name": "Davis", "is_approved": true, "role": "rpi", "rcs_id": "student38", "graduation_year": 2022, "updated_at": "2022-12-29T02:30:00+0000", "created_at": "2022-12-29T02:30:00+0000"}}, {"model": "portal.User", "pk": 39, "fields": {"email": "student39@rpi.edu", "first_name": "Darren", "last_name": "Ortiz", "is_approved": true, "role": "rpi", "rcs_id": "student39", "graduation_year": 2023, "updated_at": "2022-12-29T02:30:00+0000", "created_at": "2022-12-29T02:30:00+0000"}}, {"model": "portal.User", "pk": 40, "fields": {"email": "student40@rpi.edu", "first_name": "Julia", "last_name": "Rodriguez", "is_approved": true, "role": "rpi", "rcs_id": "student40", "graduation_year": 2025, "updated_at": "2022-12-29T02:30:00+0000", "created_at": "2022-12-29T02:30:00+0000"}}, {"model": "portal.User", "pk": 41, "fields": {"email": "student41@rpi.edu", "first_name": "Kathy", "last_name": "Martinez", "is_approved": true, "role": "rpi", "rcs_id": "student41", "graduation_year": 2023, "updated_at": "2022-12-29T02:30:00+0000", "created_at": "2022-12-29T02:30:00+0000"}}, {"model": "portal.User", "pk": 42, "fields": {"email": "student42@rpi.edu", "first_name": "Donna", "last_name": "Allen", "is_approved": true, "role": "rpi", "rcs_id": "student42", "graduation_year": 2022, "updated_at": "2022-12-29T02:30:00+0000", "created_at": "2022-12-29T02:30:00+0000"}}, {"model": "portal.User", "pk": 43, "fields": {"email": "student43@rpi.edu", "first_name": "Jacqueline", "last_name": "Miller", "is_approved": true, "role": "rpi", "rcs_id": "student43", "graduation_year": 2023, "updated_at": "2022-12-29T02:30:00+0000", "created_at": "2022-12-29T02:30:00+0000"}}, {"model": "portal.User", "pk": 44, "fields": {"email": "student44@rpi.edu", "first_name": "Jack", "last_name": "Fowler", "is_approved": false, "role": "rpi", "rcs_id": "student44", "graduation_year": 2025, "updated_at": "2022-12-29T02:30:00+0000", "created_at": "2022-12-29T02:30:00+0000"}}, {"model": "portal.User", "pk": 45, "fields": {"email": "student45@rpi.edu", "first_name": "Tina", "last_name": "Martin", "is_approved": true, "role": "rpi", "rcs_id": "student45", "graduation_year": 2022, "updated_at": "2022-12-29T02:30:00+0000", "created_at": "2022-12-29T02:30:00+0000"}}, {"model": "portal.User", "pk": 46, "fields": {"email": "student46@rpi.edu", "first_name": "Wesley", "last_name": "Rios", "is_approved": true, "role": "rpi", "rcs_id": "student46", "graduation_year": 2024, "updated_at": "2022-12-29T02:30:00+0000", "created_at": "2022-12-29T02:30:00+0000"}}, {"model": "portal.User", "pk": 47, "fields": {"email": "student47@rpi.edu", "first_name": "Veronica", "last_name": "Harris", "is_approved": true, "role": "rpi", "rcs_id": "student47", "graduation_year": 2022, "updated_at": "2022-12-29T02:30:00+0000", "created_at": "2022-12-29T02:30:00+0000"}}, {"model": "portal.User", "pk": 48, "fields": {"email": "student48@rpi.edu", "first_name": "Caleb", "last_name": "Smith", "is_approved": true, "role": "rpi", "rcs_id": "student48", "graduation_year": 2022, "updated_at": "2022-12-29T02:30:00+0000", "created_at": "2022-12-29T02:30:00+0000"}}, {"model": "portal.User", "pk": 49, "fields": {"email": "student49@rpi.edu", "first_name": "Andrea", "last_name": "Smith", "is_approved": true, "role": "rpi", "rcs_id": "student49", "graduation_year": 2024, "updated_at": "2022-12-29T02:30:00+0000", "created_at": "2022-12-29T02:30:00+0000"}}, {"model": "portal.Project", "pk": 0, "fields": {"name": "Equal Project", "owner": 49, "is_approved": true, "summary": "Last cultural follow.", "is_seeking_members": false, "updated_at": "2022-12-29T02:30:00+0000", "created_at": "2022-12-29T02:30:00+0000"}}, {"model": "portal.Project", "pk": 1, "fields": {"name": "Another Project", "owner": 47, "is_approved": false, "summary": "Professor field significant executive three.", "is_seeking_members": false, "updated_at": "2022-12-29T02:30:00+0000", "created_at": "2022-12-29T02:30:00+0000"}}, {"model": "portal.Project", "pk": 2, "fields": {"name": "Alternative Project", "owner": 2, "is_approved": true, "summary": "Soldier all agent give way.", "is_seeking_members": false, "updated_at": "2022-12-29T02:30:00+0000", "created_at": "2022-12-29T02:30:00+0000"}}, {"model": "portal.Project", "pk": 3, "fields": {"name": "Pure Project", "owner": 16, "is_approved": true, "summary": "List hospital fear better now himself put guy.", "is_seeking_members": false, "updated_at": "2022-12-29T02:30:00+0000", "created_at": "2022-12-29T02:30:00+0000"}}, {"model": "portal.Project", "pk": 4, "fields": {"name": "Conscious Project", "owner": 2, "is_approved": true, "summary": "Away model benefit.", "is_seeking_members": false, "updated_at": "2022-12-29T02:30:00+0000", "created_at": "2022-12-29T02:30:00+0000"}}, {"model": "portal.Project", "pk": 5, "fields": {"name": "Massive Project", "owner": 13, "is_approved": true, "summary": "Approach court character rule learn.", "is_seeking_members": false, "updated_at": "2022-12-29T02:30:00+0000", "created_at": "2022-12-29T02:30:00+0000"}}, {"model": "portal.Project", "pk": 6, "fields": {"name": "Neat Project", "owner": 37, "is_approved": false, "summary": "Final foot fight point many what southern.", "is_seeking_members": false, "updated_at": "2022-12-29T02:30:00+0000", "created_at": "2022-12-29T02:30:00+0000"}}, {"model": "portal.Project", "pk": 7, "fields": {"name": "Decent Project", "owner": 42, "is_approved": true, "summary": "Rate my want develop item.", "is_seeking_members": false, "updated_at": "2022-12-29T02:30:00+0000", "created_at": "2022-12-29T02:30:00+0000"}}, {"model": "portal.Project", "pk": 8, "fields": {"name": "Better Project", "owner": 18, "is_approved": true, "summary": "Mrs training agreement might which.", "is_seeking_members": true, "updated_at": "2022-12-29T02:30:00+0000", "created_at": "2022-12-29T02:30:00+0000"}}, {"model": "portal.Project", "pk": 9, "fields": {"name": "Inner Project", "owner": 15, "is_approved": true, "summary": "Sing cup represent plant field realize.", "is_seeking_members": false, "updated_at": "2022-12-29T02:30:00+0000", "created_at": "2022-12-29T02:30:00+0000"}}, {"model": "portal.Project", "pk": 10, "fields": {"name": "Electrical Project", "owner": 11, "is_approved": true, "summary": "Among floor stock east argue crime.", "is_seeking_members": false, "updated_at": "2022-12-29T02:30:00+0000", "created_at": "2022-12-29T02:30:00+0000"}}, {"model": "portal.Project", "pk": 11, "fields": {"name": "Ready Project", "owner": 35, "is_approved": true, "summary": "Right commercial accept ground ahead but check.", "is_seeking_members": false, "updated_at": "2022-12-29T02:30:00+0000", "created_at": "2022-12-29T02:30:00+0000"}}, {"model": "portal.Project", "pk": 12, "fields": {"name": "Curious Project", "owner": 4, "is_approved": true, "summary": "Must society present model turn test remain.", "is_seeking_members": false, "updated_at": "2022-12-29T02:30:00+0000", "created_at": "2022-12-29T02:30:00+0000"}}, {"model": "portal.Project", "pk": 13, "fields": {"name": "Useful Project", "owner": 40, "is_approved": true, "summary": "Million method rich citizen southern land.", "is_seeking_members": false, "updated_at": "2022-12-29T02:30:00+0000", "created_at": "2022-12-29T02:30:00+0000"}}, {"model": "portal.Project", "pk": 14, "fields": {"name": "Independent Project", "owner": 43, "is_approved": false, "summary": "Practice others continue next positive.", "is_seeking_members": false, "updated_at": "2022-12-29T02:30:00+0000", "created_at": "2022-12-29T02:30:00+0000"}}, {"model": "portal.Project", "pk": 15, "fields": {"name": "Quick Project", "owner": 39, "is_approved": true, "summary": "Such other ahead research beat newspaper.", "is_seeking_members": false, "updated_at": "2022-12-29T02:30:00+0000", "created_at": "2022-12-29T02:30:00+0000"}}, {"model": "portal.Project", "pk": 16, "fields": {"name": "Several Project", "owner": 44, "is_approved": true, "summary": "Seat pattern offer.", "is_seeking_members": false, "updated_at": "2022-12-29T02:30:00+0000", "created_at": "2022-12-29T02:30:00+0000"}}, {"model": "portal.Project", "pk": 17, "fields": {"name": "Perfect Project", "owner": 27, "is_approved": true, "summary": "Office simple view break.", "is_seeking_members": false, "updated_at": "2022-12-29T02:30:00+0000", "created_at": "2022-12-29T02:30:00+0000"}}, {"model": "portal.Project", "pk": 18, "fields": {"name": "Cool Project", "owner": 42, "is_approved": true, "summary": "Certainly seek operation the national certain.", "is_seeking_members": true, "updated_at": "2022-12-29T02:30:00+0000", "created_at": "2022-12-29T02:30:00+0000"}}, {"model": "portal.Project", "pk": 19, "fields": {"name": "Sensitive Project", "owner": 10, "is_approved": false, "summary": "No industry strong citizen none soon.", "is_seeking_members": false, "updated_at": "2022-12-29T02:30:00+0000", "created_at": "2022-12-29T02:30:00+0000"}}, {"model": "portal.Project", "pk": 20, "fields": {"name": "Dependent Project", "owner": 45, "is_approved": true, "summary": "Owner leave consider speak commercial nearly.", "is_seeking_members": false, "updated_at": "2022-12-29T02:30:00+0000", "created_at": "2022-12-29T02:30:00+0000"}}, {"model": "portal.Project", "pk": 21, "fields": {"name": "Embarrassed Project", "owner": 33, "is_approved": true, "summary": "Billion loss black.", "is_seeking_members": false, "updated_at": "2022-12-29T02:30:00+0000", "created_at": "2022-12-29T02:30:00+0000"}}, {"model": "portal.Project", "pk": 22, "fields": {"name": "Fit Project", "owner": 48, "is_approved": true, "summary": "Let current gas talk.", "is_seeking_members": false, "updated_at": "2022-12-29T02:30:00+0000", "created_at": "2022-12-29T02:30:00+0000"}}, {"model": "portal.Project", "pk": 23, "fields": {"name": "Extra Project", "owner": 5, "is_approved": true, "summary": "Class risk final.", "is_seeking_members": false, "updated_at": "2022-12-29T02:30:00+0000", "created_at": "2022-12-29T02:30:00+0000"}}, {"model": "portal.Project", "pk": 24, "fields": {"name": "Current Project", "owner": 15, "is_approved": true, "summary": "Hotel show plant worker third.", "is_seeking_members": false, "updated_at": "2022-12-29T02:30:00+0000", "created_at": "2022-12-29T02:30:00+0000"}}, {"model": "portal.Project", "pk": 25, "fields": {"name": "Direct Project", "owner": 36, "is_approved": false, "summary": "Turn office conference budget best.", "is_seeking_members": false, "updated_at": "2022-12-29T02:30:00+0000", "created_at": "2022-12-29T02:30:00+0000"}}, {"model": "portal.Project", "pk": 26, "fields": {"name": "Successful Project", "owner": 5, "is_approved": true, "summary": "Provide throughout man reality trip month rest.", "is_seeking_members": false, "updated_at": "2022-12-29T02:30:00+0000", "created_at": "2022-12-29T02:30:00+0000"}}, {"model": "portal.Project", "pk": 27, "fields": {"name": "Nearby Project", "owner": 14, "is_approved": true, "summary": "Hot write career.", "is_seeking_members": false, "updated_at": "2022-12-29T02:30:00+0000", "created_at": "2022-12-29T02:30:00+0000"}}, {"model": "portal.Project", "pk": 28, "fields": {"name": "Alone Project", "owner": 26, "is_approved": true, "summary": "Good week skin control investment.", "is_seeking_members": false, "updated_at": "2022-12-29T02:30:00+0000", "created_at": "2022-12-29T02:30:00+0000"}}, {"model": "portal.Project", "pk": 29, "fields": {"name": "Fast Project", "owner": 47, "is_approved": true, "summary": "According late Congress experience about me up story.", "is_seeking_members": false, "updated_at": "2022-12-29T02:30:00+0000", "created_at": "2022-12-29T02:30:00+0000"}}, {"model": "portal.Enrollment", "pk": 1, "fields": {"semester": "202301", "user": 2, "project": 12, "credits": 3, "is_project_lead": true, "updated_at": "2022-12-29T02:30:00+0000", "created_at": "2022-12-29T02:30:00+0000"}}, {"model": "portal.Enrollment", "pk": 2, "fields": {"semester": "202208", "user": 2, "project": 16, "credits": 2, "is_project_lead": false, "updated_at": "2022-12-29T02:30:00+0000", "created_at": "2022-12-29T02:30:00+0000"}}, {"model": "portal.Enrollment", "pk": 3, "fields": {"semester": "202201", "user": 2, "project": 14, "credits": 4, "is_project_lead": true, "updated_at": "2022-12-29T02:30:00+0000", "created_at": "2022-12-29T02:30:00+0000"}}, {"model": "portal.Enrollment", "pk": 4, "fields": {"semester": "202301", "user": 3, "project": 26, "credits": 0, "is_project_lead": false, "updated_at": "2022-12-29T02:30:00+0000", "created_at": "2022-12-29T02:30:00+0000"}}, {"model": "portal.Enrollment", "pk": 5, "fields": {"semester": "202208", "user": 3, "project": 7, "credits": 2, "is_project_lead": true, "updated_at": "2022-12-29T02:30:00+0000", "created_at": "2022-12-29T02:30:00+0000"}}, {"model": "portal.Enrollment", "pk": 6, "fields": {"semester": "202201", "user": 3, "project": 11, "credits": 1, "is_project_lead": false, "updated_at": "2022-12-29T02:30:00+0000", "created_at": "2022-12-29T02:30:00+0000"}}, {"model": "portal.Enrollment", "pk": 7, "fields": {"semester": "202301", "user": 4, "project": 19, "credits": 0, "is_project_lead": true, "updated_at": "2022-12-29T02:30:00+0000", "created_at": "2022-12-29T02:30:00+0000"}}, {"model": "portal.Enrollment", "pk": 8, "fields": {"semester": "202208", "user": 4, "project": 13, "credits": 2, "is_project_lead": true, "updated_at": "2022-12-29T02:30:00+0000", "created_at": "2022-12-29T02:30:00+0000"}}, {"model": "portal.Enrollment", "pk": 9, "fields": {"semester": "202201", "user": 4, "project": 27, "credits": 2, "is_project_lead": false, "updated_at": "2022-12-29T02:30:00+0000", "created_at": "2022-12-29T02:30:00+0000"}}, {"model": "portal.Enrollment", "pk": 10, "fields": {"semester": "202301", "user": 5, "project": 10, "credits": 3, "is_project_lead": false, "updated_at": "2022-12-29T02:30:00+0000", "created_at": "2022-12-29T02:30:00+0000"}}, {"model": "portal.Enrollment", "pk": 11, "fields": {"semester": "202208", "user": 5, "project": 15, "credits": 0, "is_project_lead": false, "updated_at": "2022-12-29T02:30:00+0000", "created_at": "2022-12-29T02:30:00+0000"}}, {"model": "portal.Enrollment", "pk": 12, "fields": {"semester": "202201", "user": 5, "project": 22, "credits": 0, "is_project_lead": true, "updated_at": "2022-12-29T02:30:00+0000", "created_at": "2022-12-29T02:30:00+0000"}}, {"model": "portal.Enrollment", "pk": 13, "fields": {"semester": "202301", "user": 6, "project": 23, "credits": 3, "is_project_lead": false, "updated_at": "2022-12-29T02:30:00+0000", "created_at": "2022-12-29T02:30:00+0000"}}, {"model": "portal.Enrollment", "pk": 14, "fields": {"semester": "202208", "user": 6, "project": 19, "credits": 0, "is_project_lead": true, "updated_at": "2022-12-29T02:30:00+0000", "created_at": "2022-12-29T02:30:00+0000"}}, {"model": "portal.Enrollment", "pk": 15, "fields": {"semester": "202201", "user": 6, "project": 11, "credits": 1, "is_project_lead": false, "updated_at": "2022-12-29T02:30:00+0000", "created_at": "2022-12-29T02:30:00+0000"}}, {"model": "portal.Enrollment", "pk": 16, "fields": {"semester": "202301", "user": 7, "project": 12, "credits": 3, "is_project_lead": false, "updated_at": "2022-12-29T02:30:00+0000", "created_at": "2022-12-29T02:30:00+0000"}}, {"model": "portal.Enrollment", "pk": 17, "fields": {"semester": "202208", "user": 7, "project": 1, "credits": 3, "is_project_lead": false, "updated_at": "2022-12-29T02:30:00+0000", "created_at": "2022-12-29T02:30:00+0000"}}, {"model": "portal.Enrollment", "pk": 18, "fields": {"semester": "202201", "user": 7, "project": 2, "credits": 2, "is_project_lead": false, "updated_at": "2022-12-29T02:30:00+0000", "created_at": "2022-12-29T02:30:00+0000"}}, {"model": "portal.Enrollment", "pk": 19, "fields": {"semester": "202301", "user": 8, "project": 28, "credits": 2, "is_project_lead": false, "updated_at": "2022-12-29T02:30:00+0000", "created_at": "2022-12-29T02:30:00+0000"}}, {"model": "portal.Enrollment", "pk": 20, "fields": {"semester": "202208", "user": 8, "project": 23, "credits": 0, "is_project_lead": true, "updated_at": "2022-12-29T02:30:00+0000", "created_at": "2022-12-29T02:30:00+0000"}}, {"model": "portal.Enrollment", "pk": 21, "fields": {"semester": "202201", "user": 8, "project": 18, "credits": 1, "is_project_lead": false, "updated_at": "2022-12-29T02:30:00+0000", "created_at": "2022-12-29T02:30:00+0000"}}, {"model": "portal.Enrollment", "pk": 22, "fields": {"semester": "202301", "user": 9, "project": 19, "credits": 1, "is_project_lead": true, "updated_at": "2022-12-29T02:30:00+0000", "created_at": "2022-12-29T02:30:00+0000"}}, {"model": "portal.Enrollment", "pk": 23, "fields": {"semester": "202208", "user": 9, "project": 4, "credits": 2, "is_project_lead": true, "updated_at": "2022-12-29T02:30:00+0000", "created_at": "2022-12-29T02:30:00+0000"}}, {"model": "portal.Enrollment", "pk": 24, "fields": {"semester": "202201", "user": 9, "project": 24, "credits": 1, "is_project_lead": false, "updated_at": "2022-12-29T02:30:00+0000", "created_at": "2022-12-29T02:30:00+0000"}}, {"model": "portal.Enrollment", "pk": 25, "fields": {"semester": "202301", "user": 10, "project": 12, "credits": 1, "is_project_lead": false, "updated_at": "2022-12-29T02:30:00+0000", "created_at": "2022-12-29T02:30:00+0000"}}, {"model": "portal.Enrollment", "pk": 26, "fields": {"semester": "202208", "user": 10, "project": 28, "credits": 2, "is_project_lead": false, "updated_at": "2022-12-29T02:30:00+0000", "created_at": "2022-12-29T02:30:00+0000"}}, {"model": "portal.Enrollment", "pk": 27, "fields": {"semester": "202201", "user": 10, "project": 29, "credits": 2, "is_project_lead": false, "updated_at": "2022-12-29T02:30:00+0000", "created_at": "2022-12-29T02:30:00+0000"}}, {"model": "portal.Enrollment", "pk": 28, "fields": {"semester": "202301", "user": 11, "project": 1, "credits": 0, "is_project_lead": true, "updated_at": "2022-12-29T02:30:00+0000", "created_at": "2022-12-29T02:30:00+0000"}}, {"model": "portal.Enrollment", "pk": 29, "fields": {"semester": "202208", "user": 11, "project": 4, "credits": 1, "is_project_lead": false, "updated_at": "2022-12-29T02:30:00+0000", "created_at": "2022-12-29T02:30:00+0000"}}, {"model": "portal.Enrollment", "pk": 30, "fields": {"semester": "202201", "user": 11, "project": 9, "credits": 4, "is_project_lead": true, "updated_at": "2022-12-29T02:30:00+0000", "created_at": "2022-12-29T02:30:00+0000"}}, {"model": "portal.Enrollment", "pk": 31, "fields": {"semester": "202301", "user": 12, "project": 26, "credits": 0, "is_project_lead": false, "updated_at": "2022-12-29T02:30:00+0000", "created_at": "2022-12-29T02:30:00+0000"}}, {"model": "portal.Enrollment", "pk": 32, "fields": {"semester": "202208", "user": 12, "project": 12, "credits": 2, "is_project_lead": true, "updated_at": "2022-12-29T02:30:00+0000", "created_at": "2022-12-29T02:30:00+0000"}}, {"model": "portal.Enrollment", "pk": 33, "fields": {"semester": "202201", "user": 12, "project": 6, "credits": 2, "is_project_lead": true, "updated_at": "2022-12-29T02:30:00+0000", "created_at": "2022-12-29T02:30:00+0000"}}, {"model": "portal.Enrollment", "pk": 34, "fields": {"semester": "202301", "user": 13, "project": 3, "credits": 2, "is_project_lead": false, "updated_at": "2022-12-29T02:30:00+0000", "created_at": "2022-12-29T02:30:00+0000"}}, {"model": "portal.Enrollment", "pk": 35, "fields": {"semester": "202208", "user": 13, "project": 14, "credits": 0, "is_project_lead": true, "updated_at": "2022-12-29T02:30:00+0000", "created_at": "2022-12-29T02:30:00+0000"}}, {"model": "portal.Enrollment", "pk": 36, "fields": {"semester": "202201", "user": 13, "project": 14, "credits": 0, "is_project_lead": false, "updated_at": "2022-12-29T02:30:00+0000", "created_at": "2022-12-29T02:30:00+0000"}}, {"model": "portal.Enrollment", "pk": 37, "fields": {"semester": "202301", "user": 14, "project": 12, "credits": 2, "is_project_lead": true, "updated_at": "2022-12-29T02:30:00+0000", "created_at": "2022-12-29T02:30:00+0000"}}, {"model": "portal.Enrollment", "pk": 38, "fields": {"semester": "202208", "user": 14, "project": 16, "credits": 2, "is_project_lead": false, "updated_at": "2022-12-29T02:30:00+0000", "created_at": "2022-12-29T02:30:00+0000"}}, {"model": "portal.Enrollment", "pk": 39, "fields": {"semester": "202201", "user": 14, "project": 28, "credits": 2, "is_project_lead": false, "updated_at": "2022-12-29T02:30:00+0000", "created_at": "2022-12-29T02:30:00+0000"}}, {"model": "portal.Enrollment", "pk": 40, "fields": {"semester": "202301", "user": 15, "project": 28, "credits": 4, "is_project_lead": false, "updated_at": "2022-12-29T02:30:00+0000", "created_at": "2022-12-29T02:30:00+0000"}}, {"model": "portal.Enrollment", "pk": 41, "fields": {"semester": "202208", "user": 15, "project": 18, "credits": 0, "is_project_lead": false, "updated_at": "2022-12-29T02:30:00+0000", "created_at": "2022-12-29T02:30:00+0000"}}, {"model": "portal.Enrollment", "pk": 42, "fields": {"semester": "202201", "user": 15, "project": 10, "credits": 2, "is_project_lead": true, "updated_at": "2022-12-29T02:30:00+0000", "created_at": "2022-12-29T02:30:00+0000"}}, {"model": "portal.Enrollment", "pk": 43, "fields": {"semester": "202301", "user": 16, "project": 12, "credits": 2, "is_project_lead": false, "updated_at": "2022-12-29T02:30:00+0000", "created_at": "2022-12-29T02:30:00+0000"}}, {"model": "portal.Enrollment", "pk": 44, "fields": {"semester": "202208", "user": 16, "project": 6, "credits": 4, "is_project_lead": false, "updated_at": "2022-12-29T02:30:00+0000", "created_at": "2022-12-29T02:30:00+0000"}}, {"model": "portal.Enrollment", "pk": 45, "fields": {"semester": "202201", "user": 16, "project": 22, "credits": 1, "is_project_lead": true, "updated_at": "2022-12-29T02:30:00+0000", "created_at": "2022-12-29T02:30:00+0000"}}, {"model": "portal.Enrollment", "pk": 46, "fields": {"semester": "202301", "user": 17, "project": 21, "credits": 3, "is_project_lead": false, "updated_at": "2022-12-29T02:30:00+0000", "created_at": "2022-12-29T02:30:00+0000"}}, {"model": "portal.Enrollment", "pk": 47, "fields": {"semester": "202208", "user": 17, "project": 18, "credits": 4, "is_project_lead": false, "updated_at": "2022-12-29T02:30:00+0000", "created_at": "2022-12-29T02:30:00+0000"}}, {"model": "portal.Enrollment", "pk": 48, "fields": {"semester": "202201", "user": 17, "project": 4, "credits": 1, "is_project_lead": false, "updated_at": "2022-12-29T02:30:00+0000", "created_at": "2022-12-29T02:30:00+0000"}}, {"model": "portal.Enrollment", "pk": 49, "fields": {"semester": "202301", "user": 18, "project": 16, "credits": 2, "is_project_lead": false, "updated_at": "2022-12-29T02:30:00+0000", "created_at": "2022-12-29T02:30:00+0000"}}, {"model": "portal.Enrollment", "pk": 50, "fields": {"semester": "202208", "user": 18, "project": 11, "credits": 1, "is_project_lead": false, "updated_at": "2022-12-29T02:30:00+0000", "created_at": "2022-12-29T02:30:00+0000"}}, {"model": "portal.Enrollment", "pk": 51, "fields": {"semester": "202201", "user": 18, "project": 25, "credits": 4, "is_project_lead": false, "updated_at": "2022-12-29T02:30:00+0000", "created_at": "2022-12-29T02:30:00+0000"}}, {"model": "portal.Enrollment", "pk": 52, "fields": {"semester": "202301", "user": 19, "project": 28, "credits": 3, "is_project_lead": false, "updated_at": "2022-12-29T02:30:00+0000", "created_at": "2022-12-29T02:30:00+0000"}}, {"model": "portal.Enrollment", "pk": 53, "fields": {"semester": "202208", "user": 19, "project": 4, "credits": 2, "is_project_lead": false, "updated_at": "2022-12-29T02:30:00+0000", "created_at": "2022-12-29T02:30:00+0000"}}, {"model": "portal.Enrollment", "pk": 54, "fields": {"semester": "202201", "user": 19, "project": 4, "credits": 1, "is_project_lead": false, "updated_at": "2022-12-29T02:30:00+0000", "created_at": "2022-12-29T02:30:00+0000"}}, {"model": "portal.Enrollment", "pk": 55, "fields": {"semester": "202301", "user": 20, "project": 2, "credits": 0, "is_project_lead": true, "updated_at": "2022-12-29T02:30:00+0000", "created_at": "2022-12-29T02:30:00+0000"}}, {"model": "portal.Enrollment", "pk": 56, "fields": {"semester": "202208", "user": 20, "project": 22, "credits": 2, "is_project_lead": false, "updated_at": "2022-12-29T02:30:00+0000", "created_at": "2022-12-29T02:30:00+0000"}}, {"model": "portal.Enrollment", "pk": 57, "fields": {"semester": "202201", "user": 20, "project": 27, "credits": 1, "is_project_lead": false, "updated_at": "2022-12-29T02:30:00+0000", "created_at": "2022-12-29T02:30:00+0000"}}, {"model": "portal.Enrollment", "pk": 58, "fields": {"semester": "202301", "user": 21, "project": 12, "credits": 3, "is_project_lead": false, "updated_at": "2022-12-29T02:30:00+0000", "created_at": "2022-12-29T02:30:00+0000"}}, {"model": "portal.Enrollment", "pk": 59, "fields": {"semester": "202208", "user": 21, "project": 9, "credits": 4, "is_project_lead": true, "updated_at": "2022-12-29T02:30:00+0000", "created_at": "2022-12-29T02:30:00+0000"}}, {"model": "portal.Enrollment", "pk": 60, "fields": {"semester": "202201", "user": 21, "project": 1, "credits": 1, "is_project_lead": true, "updated_at": "2022-12-29T02:30:00+0000", "created_at": "2022-12-29T02:30:00+0000"}}, {"model": "portal.Enrollment", "pk": 61, "fields": {"semester": "202301", "user": 22, "project": 16, "credits": 3, "is_project_lead": true, "updated_at": "2022-12-29T02:30:00+0000", "created_at": "2022-12-29T02:30:00+0000"}}, {"model": "portal.Enrollment", "pk": 62, "fields": {"semester": "202208", "user": 22, "project": 14, "credits": 0, "is_project_lead": false, "updated_at": "2022-12-29T02:30:00+0000", "created_at": "2022-12-29T02:30:00+0000"}}, {"model": "portal.Enrollment", "pk": 63, "fields": {"semester": "202201", "user": 22, "project": 29, "credits": 1, "is_project_lead": true, "updated_at": "2022-12-29T02:30:00+0000", "created_at": "2022-12-29T02:30:00+0000"}}, {"model": "portal.Enrollment", "pk": 64, "fields": {"semester": "202301", "user": 23, "project": 17, "credits": 1, "is_project_lead": true, "updated_at": "2022-12-29T02:30:00+0000", "created_at": "2022-12-29T02:30:00+0000"}}, {"model": "portal.Enrollment", "pk": 65, "fields": {"semester": "202208", "user": 23, "project": 21, "credits": 3, "is_project_lead": true, "updated_at": "2022-12-29T02:30:00+0000", "created_at": "2022-12-29T02:30:00+0000"}}, {"model": "portal.Enrollment", "pk": 66, "fields": {"semester": "202201", "user": 23, "project": 10, "credits": 2, "is_project_lead": false, "updated_at": "2022-12-29T02:30:00+0000", "created_at": "2022-12-29T02:30:00+0000"}}, {"model": "portal.Enrollment", "pk": 67, "fields": {"semester": "202301", "user": 24, "project": 0, "credits": 4, "is_project_lead": false, "updated_at": "2022-12-29T02:30:00+0000", "created_at": "2022-12-29T02:30:00+0000"}}, {"model": "portal.Enrollment", "pk": 68, "fields": {"semester": "202208", "user": 24, "project": 19, "credits": 1, "is_project_lead": false, "updated_at": "2022-12-29T02:30:00+0000", "created_at": "2022-12-29T02:30:00+0000"}}, {"model": "portal.Enrollment", "pk": 69, "fields": {"semester": "202201", "user": 24, "project": 6, "credits": 4, "is_project_lead": false, "updated_at": "2022-12-29T02:30:00+0000", "created_at": "2022-12-29T02:30:00+0000"}}, {"model": "portal.Enrollment", "pk": 70, "fields": {"semester": "202301", "user": 25, "project": 3, "credits": 2, "is_project_lead": false, "updated_at": "2022-12-29T02:30:00+0000", "created_at": "2022-12-29T02:30:00+0000"}}, {"model": "portal.Enrollment", "pk": 71, "fields": {"semester": "202208", "user": 25, "project": 2, "credits": 1, "is_project_lead": true, "updated_at": "2022-12-29T02:30:00+0000", "created_at": "2022-12-29T02:30:00+0000"}}, {"model": "portal.Enrollment", "pk": 72, "fields": {"semester": "202201", "user": 25, "project": 18, "credits": 3, "is_project_lead": false, "updated_at": "2022-12-29T02:30:00+0000", "created_at": "2022-12-29T02:30:00+0000"}}, {"model": "portal.Enrollment", "pk": 73, "fields": {"semester": "202301", "user": 26, "project": 2, "credits": 4, "is_project_lead": false, "updated_at": "2022-12-29T02:30:00+0000", "created_at": "2022-12-29T02:30:00+0000"}}, {"model": "portal.Enrollment", "pk": 74, "fields": {"semester": "202208", "user": 26, "project": 19, "credits": 3, "is_project_lead": false, "updated_at": "2022-12-29T02:30:00+0000", "created_at": "2022-12-29T02:30:00+0000"}}, {"model": "portal.Enrollment", "pk": 75, "fields": {"semester": "202201", "user": 26, "project": 5, "credits": 0, "is_project_lead": false, "updated_at": "2022-12-29T02:30:00+0000", "created_at": "2022-12-29T02:30:00+0000"}}, {"model": "portal.Enrollment", "pk": 76, "fields": {"semester": "202301", "user": 27, "project": 18, "credits": 0, "is_project_lead": false, "updated_at": "2022-12-29T02:30:00+0000", "created_at": "2022-12-29T02:30:00+0000"}}, {"model": "portal.Enrollment", "pk": 77, "fields": {"semester": "202208", "user": 27, "project": 6, "credits": 1, "is_project_lead": false, "updated_at": "2022-12-29T02:30:00+0000", "created_at": "2022-12-29T02:30:00+0000"}}, {"model": "portal.Enrollment", "pk": 78, "fields": {"semester": "202201", "user": 27, "project": 2, "credits": 1, "is_project_lead": false, "updated_at": "2022-12-29T02:30:00+0000", "created_at": "2022-12-29T02:30:00+0000"}}, {"model": "portal.Enrollment", "pk": 79, "fields": {"semester": "202301", "user": 28, "project": 12, "credits": 1, "is_project_lead": false, "updated_at": "2022-12-29T02:30:00+0000", "created_at": "2022-12-29T02:30:00+0000"}}, {"model": "portal.Enrollment", "pk": 80, "fields": {"semester": "202208", "user": 28, "project": 3, "credits": 3, "is_project_lead": false, "updated_at": "2022-12-29T02:30:00+0000", "created_at": "2022-12-29T02:30:00+0000"}}, {"model": "portal.Enrollment", "pk": 81, "fields": {"semester": "202201", "user": 28, "project": 6, "credits": 1, "is_project_lead": true, "updated_at": "2022-12-29T02:30:00+0000", "created_at": "2022-12-29T02:30:00+0000"}}, {"model": "portal.Enrollment", "pk": 82, "fields": {"semester": "202301", "user": 29, "project": 21, "credits": 3, "is_project_lead": false, "updated_at": "2022-12-29T02:30:00+0000", "created_at": "2022-12-29T02:30:00+0000"}}, {"model": "portal.Enrollment", "pk": 83, "fields": {"semester": "202208", "user": 29, "project": 21, "credits": 4, "is_project_lead": false, "updated_at": "2022-12-29T02:30:00+0000", "created_at": "2022-12-29T02:30:00+0000"}}, {"model": "portal.Enrollment", "pk": 84, "fields": {"semester": "202201", "user": 29, "project": 20, "credits": 2, "is_project_lead": false, "updated_at": "2022-12-29T02:30:00+0000", "created_at": "2022-12-29T02:30:00+0000"}}, {"model": "portal.Enrollment", "pk": 85, "fields": {"semester": "202301", "user": 30, "project": 23, "credits": 1, "is_project_lead": false, "updated_at": "2022-12-29T02:30:00+0000", "created_at": "2022-12-29T02:30:00+0000"}}, {"model": "portal.Enrollment", "pk": 86, "fields": {"semester": "202208", "user": 30, "project": 25, "credits": 3, "is_project_lead": false, "updated_at": "2022-12-29T02:30:00+0000", "created_at": "2022-12-29T02:30:00+0000"}}, {"model": "portal.Enrollment", "pk": 87, "fields": {"semester": "202201", "user": 30, "project": 14, "credits": 4, "is_project_lead": false, "updated_at": "2022-12-29T02:30:00+0000", "created_at": "2022-12-29T02:30:00+0000"}}, {"model": "portal.Enrollment", "pk": 88, "fields": {"semester": "202301", "user": 31, "project": 22, "credits": 0, "is_project_lead": false, "updated_at": "2022-12-29T02:30:00+0000", "created_at": "2022-12-29T02:30:00+0000"}}, {"model": "portal.Enrollment", "pk": 89, "fields": {"semester": "202208", "user": 31, "project": 16, "credits": 1, "is_project_lead": false, "updated_at": "2022-12-29T02:30:00+0000", "created_at": "2022-12-29T02:30:00+0000"}}, {"model": "portal.Enrollment", "pk": 90, "fields": {"semester": "202201", "user": 31, "project": 24, "credits": 0, "is_project_lead": false, "updated_at": "2022-12-29T02:30:00+0000", "created_at": "2022-12-29T02:30:00+0000"}}, {"model": "portal.Enrollment", "pk": 91, "fields": {"semester": "202301", "user": 32, "project": 0, "credits": 0, "is_project_lead": false, "updated_at": "2022-12-29T02:30:00+0000", "created_at": "2022-12-29T02:30:00+0000"}}, {"model": "portal.Enrollment", "pk": 92, "fields": {"semester": "202208", "user": 32, "project": 20, "credits": 4, "is_project_lead": true, "updated_at": "2022-12-29T02:30:00+0000", "created_at": "2022-12-29T02:30:00+0000"}}, {"model": "portal.Enrollment", "pk": 93, "fields": {"semester": "202201", "user": 32, "project": 9, "credits": 3, "is_project_lead": true, "updated_at": "2022-12-29T02:30:00+0000", "created_at": "2022-12-29T02:30:00+0000"}}, {"model": "portal.Enrollment", "pk": 94, "fields": {"semester": "202301", "user": 33, "project": 25, "credits": 2, "is_project_lead": false, "updated_at": "2022-12-29T02:30:00+0000", "created_at": "2022-12-29T02:30:00+0000"}}, {"model": "portal.Enrollment", "pk": 95, "fields": {"semester": "202208", "user": 33, "project": 11, "credits": 1, "is_project_lead": false, "updated_at": "2022-12-29T02:30:00+0000", "created_at": "2022-12-29T02:30:00+0000"}}, {"model": "portal.Enrollment", "pk": 96, "fields": {"semester": "202201", "user": 33, "project": 28, "credits": 4, "is_project_lead": false, "updated_at": "2022-12-29T02:30:00+0000", "created_at": "2022-12-29T02:30:00+0000"}}, {"model": "portal.Enrollment", "pk": 97, "fields": {"semester": "202301", "user": 34, "project": 29, "credits": 1, "is_project_lead": true, "updated_at": "2022-12-29T02:30:00+0000", "created_at": "2022-12-29T02:30:00+0000"}}, {"model": "portal.Enrollment", "pk": 98, "fields": {"semester": "202208", "user": 34, "project": 4, "credits": 2, "is_project_lead": true, "updated_at": "2022-12-29T02:30:00+0000", "created_at": "2022-12-29T02:30:00+0000"}}, {"model": "portal.Enrollment", "pk": 99, "fields": {"semester": "202201", "user": 34, "project": 6, "credits": 4, "is_project_lead": false, "updated_at": "2022-12-29T02:30:00+0000", "created_at": "2022-12-29T02:30:00+0000"}}, {"model": "portal.Enrollment", "pk": 100, "fields": {"semester": "202301", "user": 35, "project": 11, "credits": 1, "is_project_lead": false, "updated_at": "2022-12-29T02:30:00+0000", "created_at": "2022-12-29T02:30:00+0000"}}, {"model": "portal.Enrollment", "pk": 101, "fields": {"semester": "202208", "user": 35, "project": 9, "credits": 3, "is_project_lead": false, "updated_at": "2022-12-29T02:30:00+0000", "created_at": "2022-12-29T02:30:00+0000"}}, {"model": "portal.Enrollment", "pk": 102, "fields": {"semester": "202201", "user": 35, "project": 6, "credits": 3, "is_project_lead": false, "updated_at": "2022-12-29T02:30:00+0000", "created_at": "2022-12-29T02:30:00+0000"}}, {"model": "portal.Enrollment", "pk": 103, "fields": {"semester": "202301", "user": 36, "project": 12, "credits": 1, "is_project_lead": false, "updated_at": "2022-12-29T02:30:00+0000", "created_at": "2022-12-29T02:30:00+0000"}}, {"model": "portal.Enrollment", "pk": 104, "fields": {"semester": "202208", "user": 36, "project": 18, "credits": 3, "is_project_lead": false, "updated_at": "2022-12-29T02:30:00+0000", "created_at": "2022-12-29T02:30:00+0000"}}, {"model": "portal.Enrollment", "pk": 105, "fields": {"semester": "202201", "user": 36, "project": 23, "credits": 1, "is_project_lead": false, "updated_at": "2022-12-29T02:30:00+0000", "created_at": "2022-12-29T02:30:00+0000"}}, {"model": "portal.Enrollment", "pk": 106, "fields": {"semester": "202301", "user": 37, "project": 10, "credits": 3, "is_project_lead": false, "updated_at": "2022-12-29T02:30:00+0000", "created_at": "2022-12-29T02:30:00+0000"}}, {"model": "portal.Enrollment", "pk": 107, "fields": {"semester": "202208", "user": 37, "project": 3, "credits": 4, "is_project_lead": true, "updated_at": "2022-12-29T02:30:00+0000", "created_at": "2022-12-29T02:30:00+0000"}}, {"model": "portal.Enrollment", "pk": 108, "fields": {"semester": "202201", "user": 37, "project": 25, "credits": 4, "is_project_lead": true, "updated_at": "2022-12-29T02:30:00+0000", "created_at": "2022-12-29T02:30:00+0000"}}, {"model": "portal.Enrollment", "pk": 109, "fields": {"semester": "202301", "user": 38, "project": 19, "credits": 4, "is_project_lead": false, "updated_at": "2022-12-29T02:30:00+0000", "created_at": "2022-12-29T02:30:00+0000"}}, {"model": "portal.Enrollment", "pk": 110, "fields": {"semester": "202208", "user": 38, "project": 22, "credits": 3, "is_project_lead": false, "updated_at": "2022-12-29T02:30:00+0000", "created_at": "2022-12-29T02:30:00+0000"}}, {"model": "portal.Enrollment", "pk": 111, "fields": {"semester": "202201", "user": 38, "project": 27, "credits": 1, "is_project_lead": true, "updated_at": "2022-12-29T02:30:00+0000", "created_at": "2022-12-29T02:30:00+0000"}}, {"model": "portal.Enrollment", "pk": 112, "fields": {"semester": "202301", "user": 39, "project": 12, "credits": 1, "is_project_lead": true, "updated_at": "2022-12-29T02:30:00+0000", "created_at": "2022-12-29T02:30:00+0000"}}, {"model": "portal.Enrollment", "pk": 113, "fields": {"semester": "202208", "user": 39, "project": 10, "credits": 4, "is_project_lead": false, "updated_at": "2022-12-29T02:30:00+0000", "created_at": "2022-12-29T02:30:00+0000"}}, {"model": "portal.Enrollment", "pk": 114, "fields": {"semester": "202201", "user": 39, "project": 29, "credits": 0, "is_project_lead": false, "updated_at": "2022-12-29T02:30:00+0000", "created_at": "2022-12-29T02:30:00+0000"}}, {"model": "portal.Enrollment", "pk": 115, "fields": {"semester": "202301", "user": 40, "project": 15, "credits": 1, "is_project_lead": false, "updated_at": "2022-12-29T02:30:00+0000", "created_at": "2022-12-29T02:30:00+0000"}}, {"model": "portal.Enrollment", "pk": 116, "fields": {"semester": "202208", "user": 40, "project": 7, "credits": 2, "is_project_lead": false, "updated_at": "2022-12-29T02:30:00+0000", "created_at": "2022-12-29T02:30:00+0000"}}, {"model": "portal.Enrollment", "pk": 117, "fields": {"semester": "202201", "user": 40, "project": 25, "credits": 1, "is_project_lead": true, "updated_at": "2022-12-29T02:30:00+0000", "created_at": "2022-12-29T02:30:00+0000"}}, {"model": "portal.Enrollment", "pk": 118, "fields": {"semester": "202301", "user": 41, "project": 22, "credits": 4, "is_project_lead": false, "updated_at": "2022-12-29T02:30:00+0000", "created_at": "2022-12-29T02:30:00+0000"}}, {"model": "portal.Enrollment", "pk": 119, "fields": {"semester": "202208", "user": 41, "project": 12, "credits": 2, "is_project_lead": false, "updated_at": "2022-12-29T02:30:00+0000", "created_at": "2022-12-29T02:30:00+0000"}}, {"model": "portal.Enrollment", "pk": 120, "fields": {"semester": "202201", "user": 41, "project": 21, "credits": 3, "is_project_lead": true, "updated_at": "2022-12-29T02:30:00+0000", "created_at": "2022-12-29T02:30:00+0000"}}, {"model": "portal.Enrollment", "pk": 121, "fields": {"semester": "202301", "user": 42, "project": 12, "credits": 4, "is_project_lead": false, "updated_at": "2022-12-29T02:30:00+0000", "created_at": "2022-12-29T02:30:00+0000"}}, {"model": "portal.Enrollment", "pk": 122, "fields": {"semester": "202208", "user": 42, "project": 2, "credits": 4, "is_project_lead": false, "updated_at": "2022-12-29T02:30:00+0000", "created_at": "2022-12-29T02:30:00+0000"}}, {"model": "portal.Enrollment", "pk": 123, "fields": {"semester": "202201", "user": 42, "project": 13, "credits": 0, "is_project_lead": true, "updated_at": "2022-12-29T02:30:00+0000", "created_at": "2022-12-29T02:30:00+0000"}}, {"model": "portal.Enrollment", "pk": 124, "fields": {"semester": "202301", "user": 43, "project": 14, "credits": 2, "is_project_lead": false, "updated_at": "2022-12-29T02:30:00+0000", "created_at": "2022-12-29T02:30:00+0000"}}, {"model": "portal.Enrollment", "pk": 125, "fields": {"semester": "202208", "user": 43, "project": 23, "credits": 0, "is_project_lead": true, "updated_at": "2022-12-29T02:30:00+0000", "created_at": "2022-12-29T02:30:00+0000"}}, {"model": "portal.Enrollment", "pk": 126, "fields": {"semester": "202201", "user": 43, "project": 5, "credits": 0, "is_project_lead": false, "updated_at": "2022-12-29T02:30:00+0000", "created_at": "2022-12-29T02:30:00+0000"}}, {"model": "portal.Enrollment", "pk": 127, "fields": {"semester": "202301", "user": 44, "project": 9, "credits": 1, "is_project_lead": false, "updated_at": "2022-12-29T02:30:00+0000", "created_at": "2022-12-29T02:30:00+0000"}}, {"model": "portal.Enrollment", "pk": 128, "fields": {"semester": "202208", "user": 44, "project": 28, "credits": 2, "is_project_lead": false, "updated_at": "2022-12-29T02:30:00+0000", "created_at": "2022-12-29T02:30:00+0000"}}, {"model": "portal.Enrollment", "pk": 129, "fields": {"semester": "202201", "user": 44, "project": 28, "credits": 1, "is_project_lead": false, "updated_at": "2022-12-29T02:30:00+0000", "created_at": "2022-12-29T02:30:00+0000"}}, {"model": "portal.Enrollment", "pk": 130, "fields": {"semester": "202301", "user": 45, "project": 2, "credits": 3, "is_project_lead": false, "updated_at": "2022-12-29T02:30:00+0000", "created_at": "2022-12-29T02:30:00+0000"}}, {"model": "portal.Enrollment", "pk": 131, "fields": {"semester": "202208", "user": 45, "project": 7, "credits": 0, "is_project_lead": false, "updated_at": "2022-12-29T02:30:00+0000", "created_at": "2022-12-29T02:30:00+0000"}}, {"model": "portal.Enrollment", "pk": 132, "fields": {"semester": "202201", "user": 45, "project": 24, "credits": 0, "is_project_lead": false, "updated_at": "2022-12-29T02:30:00+0000", "created_at": "2022-12-29T02:30:00+0000"}}, {"model": "portal.Enrollment", "pk": 133, "fields": {"semester": "202301", "user": 46, "project": 23, "credits": 4, "is_project_lead": false, "updated_at": "2022-12-29T02:30:00+0000", "created_at": "2022-12-29T02:30:00+0000"}}, {"model": "portal.Enrollment", "pk": 134, "fields": {"semester": "202208", "user": 46, "project": 27, "credits": 2, "is_project_lead": true, "updated_at": "2022-12-29T02:30:00+0000", "created_at": "2022-12-29T02:30:00+0000"}}, {"model": "portal.Enrollment", "pk": 135, "fields": {"semester": "202201", "user": 46, "project": 3, "credits": 0, "is_project_lead": false, "updated_at": "2022-12-29T02:30:00+0000", "created_at": "2022-12-29T02:30:00+0000"}}, {"model": "portal.Enrollment", "pk": 136, "fields": {"semester": "202301", "user": 47, "project": 12, "credits": 0, "is_project_lead": false, "updated_at": "2022-12-29T02:30:00+0000", "created_at": "2022-12-29T02:30:00+0000"}}, {"model": "portal.Enrollment", "pk": 137, "fields": {"semester": "202208", "user": 47, "project": 27, "credits": 1, "is_project_lead": false, "updated_at": "2022-12-29T02:30:00+0000", "created_at": "2022-12-29T02:30:00+0000"}}, {"model": "portal.Enrollment", "pk": 138, "fields": {"semester": "202201", "user": 47, "project": 13, "credits": 3, "is_project_lead": false, "updated_at": "2022-12-29T02:30:00+0000", "created_at": "2022-12-29T02:30:00+0000"}}, {"model": "portal.Enrollment", "pk": 139, "fields": {"semester": "202301", "user": 48, "project": 6, "credits": 1, "is_project_lead": true, "updated_at": "2022-12-29T02:30:00+0000", "created_at": "2022-12-29T02:30:00+0000"}}, {"model": "portal.Enrollment", "pk": 140, "fields": {"semester": "202208", "user": 48, "project": 8, "credits": 4, "is_project_lead": false, "updated_at": "2022-12-29T02:30:00+0000", "created_at": "2022-12-29T02:30:00+0000"}}, {"model": "portal.Enrollment", "pk": 141, "fields": {"semester": "202201", "user": 48, "project": 14, "credits": 1, "is_project_lead": false, "updated_at": "2022-12-29T02:30:00+0000", "created_at": "2022-12-29T02:30:00+0000"}}, {"model": "portal.Enrollment", "pk": 142, "fields": {"semester": "202301", "user": 49, "project": 9, "credits": 3, "is_project_lead": false, "updated_at": "2022-12-29T02:30:00+0000", "created_at": "2022-12-29T02:30:00+0000"}}, {"model": "portal.Enrollment", "pk": 143, "fields": {"semester": "202208", "user": 49, "project": 14, "credits": 0, "is_project_lead": true, "updated_at": "2022-12-29T02:30:00+0000", "created_at": "2022-12-29T02:30:00+0000"}}, {"model": "portal.Enrollment", "pk": 144, "fields": {"semester": "202201", "user": 49, "project": 14, "credits": 2, "is_project_lead": false, "updated_at": "2022-12-29T02:30:00+0000", "created_at": "2022-12-29T02:30:00+0000"}}]
