[
    {
        "model": "portal.Semester",
        "pk": "202501",
        "fields": {
            "name": "202501",
            "start_date": "2025-12-29",
            "end_date": "2026-12-29",
            "updated_at": "2025-12-29",
            "created_at": "2025-12-29"
        }
    },
    {
        "model": "portal.Semester",
        "pk": "202508",
        "fields": {
            "name": "202508",
            "start_date": "2025-12-29",
            "end_date": "2026-12-29",
            "updated_at": "2025-12-29",
            "created_at": "2025-12-29"
        }
    },
    {
        "model": "portal.Semester",
        "pk": "202601",
        "fields": {
            "name": "202601",
            "start_date": "2025-12-29",
            "end_date": "2026-12-29",
            "updated_at": "2025-12-29",
            "created_at": "2025-12-29"
        }
    },
    {
        "model": "portal.ProjectTag",
        "pk": 0,
        "fields": {
            "name": "javascript",
            "updated_at": "2022-12-29T02:30:00+0000",
            "created_at": "2022-12-29T02:30:00+0000"
        }
    },
    {
        "model": "portal.ProjectTag",
        "pk": 1,
        "fields": {
            "name": "typescript",
            "updated_at": "2022-12-29T02:30:00+0000",
            "created_at": "2022-12-29T02:30:00+0000"
        }
    },
    {
        "model": "portal.ProjectTag",
        "pk": 2,
        "fields": {
            "name": "python",
            "updated_at": "2022-12-29T02:30:00+0000",
            "created_at": "2022-12-29T02:30:00+0000"
        }
    },
    {
        "model": "portal.ProjectTag",
        "pk": 3,
        "fields": {
            "name": "html",
            "updated_at": "2022-12-29T02:30:00+0000",
            "created_at": "2022-12-29T02:30:00+0000"
        }
    },
    {
        "model": "portal.ProjectTag",
        "pk": 4,
        "fields": {
            "name": "css",
            "updated_at": "2022-12-29T02:30:00+0000",
            "created_at": "2022-12-29T02:30:00+0000"
        }
    },
    {
        "model": "portal.ProjectTag",
        "pk": 5,
        "fields": {
            "name": "c",
            "updated_at": "2022-12-29T02:30:00+0000",
            "created_at": "2022-12-29T02:30:00+0000"
        }
    },
    {
        "model": "portal.ProjectTag",
        "pk": 6,
        "fields": {
            "name": "c++",
            "updated_at": "2022-12-29T02:30:00+0000",
            "created_at": "2022-12-29T02:30:00+0000"
        }
    },
    {
        "model": "portal.ProjectTag",
        "pk": 7,
        "fields": {
            "name": "rust",
            "updated_at": "2022-12-29T02:30:00+0000",
            "created_at": "2022-12-29T02:30:00+0000"
        }
    },
    {
        "model": "portal.ProjectTag",
        "pk": 8,
        "fields": {
            "name": "c#",
            "updated_at": "2022-12-29T02:30:00+0000",
            "created_at": "2022-12-29T02:30:00+0000"
        }
    },
    {
        "model": "portal.ProjectTag",
        "pk": 9,
        "fields": {
            "name": "php",
            "updated_at": "2022-12-29T02:30:00+0000",
            "created_at": "2022-12-29T02:30:00+0000"
        }
    },
    {
        "model": "portal.ProjectTag",
        "pk": 10,
        "fields": {
            "name": "swift",
            "updated_at": "2022-12-29T02:30:00+0000",
            "created_at": "2022-12-29T02:30:00+0000"
        }
    },
    {
        "model": "portal.ProjectTag",
        "pk": 11,
        "fields": {
            "name": "r",
            "updated_at": "2022-12-29T02:30:00+0000",
            "created_at": "2022-12-29T02:30:00+0000"
        }
    },
    {
        "model": "portal.ProjectTag",
        "pk": 12,
        "fields": {
            "name": "golang",
            "updated_at": "2022-12-29T02:30:00+0000",
            "created_at": "2022-12-29T02:30:00+0000"
        }
    },
    {
        "model": "portal.ProjectTag",
        "pk": 13,
        "fields": {
            "name": "ruby",
            "updated_at": "2022-12-29T02:30:00+0000",
            "created_at": "2022-12-29T02:30:00+0000"
        }
    },
    {
        "model": "portal.ProjectTag",
        "pk": 14,
        "fields": {
            "name": "sql",
            "updated_at": "2022-12-29T02:30:00+0000",
            "created_at": "2022-12-29T02:30:00+0000"
        }
    },
    {
        "model": "portal.ProjectTag",
        "pk": 15,
        "fields": {
            "name": "kotlin",
            "updated_at": "2022-12-29T02:30:00+0000",
            "created_at": "2022-12-29T02:30:00+0000"
        }
    },
    {
        "model": "portal.ProjectTag",
        "pk": 16,
        "fields": {
            "name": "hardware",
            "updated_at": "2022-12-29T02:30:00+0000",
            "created_at": "2022-12-29T02:30:00+0000"
        }
    },
    {
        "model": "portal.User",
        "pk": 2,
        "fields": {
            "email": "student2@rpi.edu",
            "first_name": "Steven",
            "last_name": "Cochran",
            "is_approved": true,
            "role": "rpi",
            "rcs_id": "student2",
            "graduation_year": 2028,
            "updated_at": "2025-12-29T02:30:00+0000",
            "created_at": "2025-12-29T02:30:00+0000"
        }
    },
    {
        "model": "portal.User",
        "pk": 3,
        "fields": {
            "email": "student3@rpi.edu",
            "first_name": "Brenda",
            "last_name": "Booth",
            "is_approved": true,
            "role": "rpi",
            "rcs_id": "student3",
            "graduation_year": 2025,
            "updated_at": "2025-12-29T02:30:00+0000",
            "created_at": "2025-12-29T02:30:00+0000"
        }
    },
    {
        "model": "portal.User",
        "pk": 4,
        "fields": {
            "email": "student4@rpi.edu",
            "first_name": "Jake",
            "last_name": "Allen",
            "is_approved": true,
            "role": "rpi",
            "rcs_id": "student4",
            "graduation_year": 2027,
            "updated_at": "2025-12-29T02:30:00+0000",
            "created_at": "2025-12-29T02:30:00+0000"
        }
    },
    {
        "model": "portal.User",
        "pk": 5,
        "fields": {
            "email": "student5@rpi.edu",
            "first_name": "Benjamin",
            "last_name": "Anderson",
            "is_approved": true,
            "role": "rpi",
            "rcs_id": "student5",
            "graduation_year": 2027,
            "updated_at": "2025-12-29T02:30:00+0000",
            "created_at": "2025-12-29T02:30:00+0000"
        }
    },
    {
        "model": "portal.User",
        "pk": 6,
        "fields": {
            "email": "student6@rpi.edu",
            "first_name": "Benjamin",
            "last_name": "Thompson",
            "is_approved": false,
            "role": "rpi",
            "rcs_id": "student6",
            "graduation_year": 2028,
            "updated_at": "2025-12-29T02:30:00+0000",
            "created_at": "2025-12-29T02:30:00+0000"
        }
    },
    {
        "model": "portal.User",
        "pk": 7,
        "fields": {
            "email": "student7@rpi.edu",
            "first_name": "Amanda",
            "last_name": "Henry",
            "is_approved": true,
            "role": "rpi",
            "rcs_id": "student7",
            "graduation_year": 2028,
            "updated_at": "2025-12-29T02:30:00+0000",
            "created_at": "2025-12-29T02:30:00+0000"
        }
    },
    {
        "model": "portal.User",
        "pk": 8,
        "fields": {
            "email": "student8@rpi.edu",
            "first_name": "Sherry",
            "last_name": "Sanders",
            "is_approved": true,
            "role": "rpi",
            "rcs_id": "student8",
            "graduation_year": 2028,
            "updated_at": "2025-12-29T02:30:00+0000",
            "created_at": "2025-12-29T02:30:00+0000"
        }
    },
    {
        "model": "portal.User",
        "pk": 9,
        "fields": {
            "email": "student9@rpi.edu",
            "first_name": "Brenda",
            "last_name": "Morrison",
            "is_approved": true,
            "role": "rpi",
            "rcs_id": "student9",
            "graduation_year": 2028,
            "updated_at": "2025-12-29T02:30:00+0000",
            "created_at": "2025-12-29T02:30:00+0000"
        }
    },
    {
        "model": "portal.User",
        "pk": 10,
        "fields": {
            "email": "student10@rpi.edu",
            "first_name": "Michael",
            "last_name": "Mitchell",
            "is_approved": true,
            "role": "rpi",
            "rcs_id": "student10",
            "graduation_year": 2026,
            "updated_at": "2025-12-29T02:30:00+0000",
            "created_at": "2025-12-29T02:30:00+0000"
        }
    },
    {
        "model": "portal.User",
        "pk": 11,
        "fields": {
            "email": "student11@rpi.edu",
            "first_name": "Molly",
            "last_name": "Bolton",
            "is_approved": true,
            "role": "rpi",
            "rcs_id": "student11",
            "graduation_year": 2026,
            "updated_at": "2025-12-29T02:30:00+0000",
            "created_at": "2025-12-29T02:30:00+0000"
        }
    },
    {
        "model": "portal.User",
        "pk": 12,
        "fields": {
            "email": "student12@rpi.edu",
            "first_name": "Michael",
            "last_name": "Sweeney",
            "is_approved": true,
            "role": "rpi",
            "rcs_id": "student12",
            "graduation_year": 2027,
            "updated_at": "2025-12-29T02:30:00+0000",
            "created_at": "2025-12-29T02:30:00+0000"
        }
    },
    {
        "model": "portal.User",
        "pk": 13,
        "fields": {
            "email": "student13@rpi.edu",
            "first_name": "Jeffrey",
            "last_name": "Johnson",
            "is_approved": true,
            "role": "rpi",
            "rcs_id": "student13",
            "graduation_year": 2026,
            "updated_at": "2025-12-29T02:30:00+0000",
            "created_at": "2025-12-29T02:30:00+0000"
        }
    },
    {
        "model": "portal.User",
        "pk": 14,
        "fields": {
            "email": "student14@rpi.edu",
            "first_name": "Robert",
            "last_name": "Watts",
            "is_approved": true,
            "role": "rpi",
            "rcs_id": "student14",
            "graduation_year": 2027,
            "updated_at": "2025-12-29T02:30:00+0000",
            "created_at": "2025-12-29T02:30:00+0000"
        }
    },
    {
        "model": "portal.User",
        "pk": 15,
        "fields": {
            "email": "student15@rpi.edu",
            "first_name": "Holly",
            "last_name": "Porter",
            "is_approved": true,
            "role": "rpi",
            "rcs_id": "student15",
            "graduation_year": 2027,
            "updated_at": "2025-12-29T02:30:00+0000",
            "created_at": "2025-12-29T02:30:00+0000"
        }
    },
    {
        "model": "portal.User",
        "pk": 16,
        "fields": {
            "email": "student16@rpi.edu",
            "first_name": "Adam",
            "last_name": "Miller",
            "is_approved": true,
            "role": "rpi",
            "rcs_id": "student16",
            "graduation_year": 2026,
            "updated_at": "2025-12-29T02:30:00+0000",
            "created_at": "2025-12-29T02:30:00+0000"
        }
    },
    {
        "model": "portal.User",
        "pk": 17,
        "fields": {
            "email": "student17@rpi.edu",
            "first_name": "Vernon",
            "last_name": "Vasquez",
            "is_approved": false,
            "role": "rpi",
            "rcs_id": "student17",
            "graduation_year": 2026,
            "updated_at": "2025-12-29T02:30:00+0000",
            "created_at": "2025-12-29T02:30:00+0000"
        }
    },
    {
        "model": "portal.User",
        "pk": 18,
        "fields": {
            "email": "student18@rpi.edu",
            "first_name": "Richard",
            "last_name": "Lynn",
            "is_approved": true,
            "role": "rpi",
            "rcs_id": "student18",
            "graduation_year": 2025,
            "updated_at": "2025-12-29T02:30:00+0000",
            "created_at": "2025-12-29T02:30:00+0000"
        }
    },
    {
        "model": "portal.User",
        "pk": 19,
        "fields": {
            "email": "student19@rpi.edu",
            "first_name": "Michael",
            "last_name": "Garrett",
            "is_approved": true,
            "role": "rpi",
            "rcs_id": "student19",
            "graduation_year": 2026,
            "updated_at": "2025-12-29T02:30:00+0000",
            "created_at": "2025-12-29T02:30:00+0000"
        }
    },
    {
        "model": "portal.User",
        "pk": 20,
        "fields": {
            "email": "student20@rpi.edu",
            "first_name": "Jennifer",
            "last_name": "Miller",
            "is_approved": true,
            "role": "rpi",
            "rcs_id": "student20",
            "graduation_year": 2027,
            "updated_at": "2025-12-29T02:30:00+0000",
            "created_at": "2025-12-29T02:30:00+0000"
        }
    },
    {
        "model": "portal.User",
        "pk": 21,
        "fields": {
            "email": "student21@rpi.edu",
            "first_name": "Bradley",
            "last_name": "Vargas",
            "is_approved": true,
            "role": "rpi",
            "rcs_id": "student21",
            "graduation_year": 2025,
            "updated_at": "2025-12-29T02:30:00+0000",
            "created_at": "2025-12-29T02:30:00+0000"
        }
    },
    {
        "model": "portal.User",
        "pk": 22,
        "fields": {
            "email": "student22@rpi.edu",
            "first_name": "Christian",
            "last_name": "Parker",
            "is_approved": true,
            "role": "rpi",
            "rcs_id": "student22",
            "graduation_year": 2025,
            "updated_at": "2025-12-29T02:30:00+0000",
            "created_at": "2025-12-29T02:30:00+0000"
        }
    },
    {
        "model": "portal.User",
        "pk": 23,
        "fields": {
            "email": "student23@rpi.edu",
            "first_name": "Mary",
            "last_name": "Curtis",
            "is_approved": true,
            "role": "rpi",
            "rcs_id": "student23",
            "graduation_year": 2026,
            "updated_at": "2025-12-29T02:30:00+0000",
            "created_at": "2025-12-29T02:30:00+0000"
        }
    },
    {
        "model": "portal.User",
        "pk": 24,
        "fields": {
            "email": "student24@rpi.edu",
            "first_name": "Richard",
            "last_name": "Hernandez",
            "is_approved": false,
            "role": "rpi",
            "rcs_id": "student24",
            "graduation_year": 2026,
            "updated_at": "2025-12-29T02:30:00+0000",
            "created_at": "2025-12-29T02:30:00+0000"
        }
    },
    {
        "model": "portal.User",
        "pk": 25,
        "fields": {
            "email": "student25@rpi.edu",
            "first_name": "Nancy",
            "last_name": "Foster",
            "is_approved": true,
            "role": "rpi",
            "rcs_id": "student25",
            "graduation_year": 2025,
            "updated_at": "2025-12-29T02:30:00+0000",
            "created_at": "2025-12-29T02:30:00+0000"
        }
    },
    {
        "model": "portal.User",
        "pk": 26,
        "fields": {
            "email": "student26@rpi.edu",
            "first_name": "John",
            "last_name": "Knapp",
            "is_approved": true,
            "role": "rpi",
            "rcs_id": "student26",
            "graduation_year": 2026,
            "updated_at": "2025-12-29T02:30:00+0000",
            "created_at": "2025-12-29T02:30:00+0000"
        }
    },
    {
        "model": "portal.User",
        "pk": 27,
        "fields": {
            "email": "student27@rpi.edu",
            "first_name": "Steve",
            "last_name": "Burke",
            "is_approved": true,
            "role": "rpi",
            "rcs_id": "student27",
            "graduation_year": 2028,
            "updated_at": "2025-12-29T02:30:00+0000",
            "created_at": "2025-12-29T02:30:00+0000"
        }
    },
    {
        "model": "portal.User",
        "pk": 28,
        "fields": {
            "email": "student28@rpi.edu",
            "first_name": "Monica",
            "last_name": "Williams",
            "is_approved": true,
            "role": "rpi",
            "rcs_id": "student28",
            "graduation_year": 2028,
            "updated_at": "2025-12-29T02:30:00+0000",
            "created_at": "2025-12-29T02:30:00+0000"
        }
    },
    {
        "model": "portal.User",
        "pk": 29,
        "fields": {
            "email": "student29@rpi.edu",
            "first_name": "Michael",
            "last_name": "Wilson",
            "is_approved": true,
            "role": "rpi",
            "rcs_id": "student29",
            "graduation_year": 2025,
            "updated_at": "2025-12-29T02:30:00+0000",
            "created_at": "2025-12-29T02:30:00+0000"
        }
    },
    {
        "model": "portal.User",
        "pk": 30,
        "fields": {
            "email": "student30@rpi.edu",
            "first_name": "Jeffrey",
            "last_name": "Willis",
            "is_approved": true,
            "role": "rpi",
            "rcs_id": "student30",
            "graduation_year": 2027,
            "updated_at": "2025-12-29T02:30:00+0000",
            "created_at": "2025-12-29T02:30:00+0000"
        }
    },
    {
        "model": "portal.User",
        "pk": 31,
        "fields": {
            "email": "student31@rpi.edu",
            "first_name": "Patricia",
            "last_name": "Fisher",
            "is_approved": false,
            "role": "rpi",
            "rcs_id": "student31",
            "graduation_year": 2026,
            "updated_at": "2025-12-29T02:30:00+0000",
            "created_at": "2025-12-29T02:30:00+0000"
        }
    },
    {
        "model": "portal.User",
        "pk": 32,
        "fields": {
            "email": "student32@rpi.edu",
            "first_name": "Anna",
            "last_name": "Odom",
            "is_approved": true,
            "role": "rpi",
            "rcs_id": "student32",
            "graduation_year": 2027,
            "updated_at": "2025-12-29T02:30:00+0000",
            "created_at": "2025-12-29T02:30:00+0000"
        }
    },
    {
        "model": "portal.User",
        "pk": 33,
        "fields": {
            "email": "student33@rpi.edu",
            "first_name": "Cheyenne",
            "last_name": "Nelson",
            "is_approved": true,
            "role": "rpi",
            "rcs_id": "student33",
            "graduation_year": 2028,
            "updated_at": "2025-12-29T02:30:00+0000",
            "created_at": "2025-12-29T02:30:00+0000"
        }
    },
    {
        "model": "portal.User",
        "pk": 34,
        "fields": {
            "email": "student34@rpi.edu",
            "first_name": "Jessica",
            "last_name": "Smith",
            "is_approved": false,
            "role": "rpi",
            "rcs_id": "student34",
            "graduation_year": 2025,
            "updated_at": "2025-12-29T02:30:00+0000",
            "created_at": "2025-12-29T02:30:00+0000"
        }
    },
    {
        "model": "portal.User",
        "pk": 35,
        "fields": {
            "email": "student35@rpi.edu",
            "first_name": "Anthony",
            "last_name": "Fleming",
            "is_approved": true,
            "role": "rpi",
            "rcs_id": "student35",
            "graduation_year": 2027,
            "updated_at": "2025-12-29T02:30:00+0000",
            "created_at": "2025-12-29T02:30:00+0000"
        }
    },
    {
        "model": "portal.User",
        "pk": 36,
        "fields": {
            "email": "student36@rpi.edu",
            "first_name": "Tina",
            "last_name": "Bailey",
            "is_approved": true,
            "role": "rpi",
            "rcs_id": "student36",
            "graduation_year": 2027,
            "updated_at": "2025-12-29T02:30:00+0000",
            "created_at": "2025-12-29T02:30:00+0000"
        }
    },
    {
        "model": "portal.User",
        "pk": 37,
        "fields": {
            "email": "student37@rpi.edu",
            "first_name": "James",
            "last_name": "Rogers",
            "is_approved": true,
            "role": "rpi",
            "rcs_id": "student37",
            "graduation_year": 2028,
            "updated_at": "2025-12-29T02:30:00+0000",
            "created_at": "2025-12-29T02:30:00+0000"
        }
    },
    {
        "model": "portal.User",
        "pk": 38,
        "fields": {
            "email": "student38@rpi.edu",
            "first_name": "Melinda",
            "last_name": "Rogers",
            "is_approved": true,
            "role": "rpi",
            "rcs_id": "student38",
            "graduation_year": 2028,
            "updated_at": "2025-12-29T02:30:00+0000",
            "created_at": "2025-12-29T02:30:00+0000"
        }
    },
    {
        "model": "portal.User",
        "pk": 39,
        "fields": {
            "email": "student39@rpi.edu",
            "first_name": "Walter",
            "last_name": "Tapia",
            "is_approved": false,
            "role": "rpi",
            "rcs_id": "student39",
            "graduation_year": 2028,
            "updated_at": "2025-12-29T02:30:00+0000",
            "created_at": "2025-12-29T02:30:00+0000"
        }
    },
    {
        "model": "portal.User",
        "pk": 40,
        "fields": {
            "email": "student40@rpi.edu",
            "first_name": "Tracy",
            "last_name": "Lee",
            "is_approved": true,
            "role": "rpi",
            "rcs_id": "student40",
            "graduation_year": 2026,
            "updated_at": "2025-12-29T02:30:00+0000",
            "created_at": "2025-12-29T02:30:00+0000"
        }
    },
    {
        "model": "portal.User",
        "pk": 41,
        "fields": {
            "email": "student41@rpi.edu",
            "first_name": "Ashley",
            "last_name": "Fisher",
            "is_approved": true,
            "role": "rpi",
            "rcs_id": "student41",
            "graduation_year": 2028,
            "updated_at": "2025-12-29T02:30:00+0000",
            "created_at": "2025-12-29T02:30:00+0000"
        }
    },
    {
        "model": "portal.User",
        "pk": 42,
        "fields": {
            "email": "student42@rpi.edu",
            "first_name": "Patricia",
            "last_name": "Thompson",
            "is_approved": true,
            "role": "rpi",
            "rcs_id": "student42",
            "graduation_year": 2027,
            "updated_at": "2025-12-29T02:30:00+0000",
            "created_at": "2025-12-29T02:30:00+0000"
        }
    },
    {
        "model": "portal.User",
        "pk": 43,
        "fields": {
            "email": "student43@rpi.edu",
            "first_name": "Timothy",
            "last_name": "Nelson",
            "is_approved": true,
            "role": "rpi",
            "rcs_id": "student43",
            "graduation_year": 2026,
            "updated_at": "2025-12-29T02:30:00+0000",
            "created_at": "2025-12-29T02:30:00+0000"
        }
    },
    {
        "model": "portal.User",
        "pk": 44,
        "fields": {
            "email": "student44@rpi.edu",
            "first_name": "Henry",
            "last_name": "Lin",
            "is_approved": true,
            "role": "rpi",
            "rcs_id": "student44",
            "graduation_year": 2027,
            "updated_at": "2025-12-29T02:30:00+0000",
            "created_at": "2025-12-29T02:30:00+0000"
        }
    },
    {
        "model": "portal.User",
        "pk": 45,
        "fields": {
            "email": "student45@rpi.edu",
            "first_name": "Robert",
            "last_name": "Ferrell",
            "is_approved": false,
            "role": "rpi",
            "rcs_id": "student45",
            "graduation_year": 2025,
            "updated_at": "2025-12-29T02:30:00+0000",
            "created_at": "2025-12-29T02:30:00+0000"
        }
    },
    {
        "model": "portal.User",
        "pk": 46,
        "fields": {
            "email": "student46@rpi.edu",
            "first_name": "Kenneth",
            "last_name": "Carlson",
            "is_approved": true,
            "role": "rpi",
            "rcs_id": "student46",
            "graduation_year": 2026,
            "updated_at": "2025-12-29T02:30:00+0000",
            "created_at": "2025-12-29T02:30:00+0000"
        }
    },
    {
        "model": "portal.User",
        "pk": 47,
        "fields": {
            "email": "student47@rpi.edu",
            "first_name": "Karen",
            "last_name": "Newman",
            "is_approved": true,
            "role": "rpi",
            "rcs_id": "student47",
            "graduation_year": 2028,
            "updated_at": "2025-12-29T02:30:00+0000",
            "created_at": "2025-12-29T02:30:00+0000"
        }
    },
    {
        "model": "portal.User",
        "pk": 48,
        "fields": {
            "email": "student48@rpi.edu",
            "first_name": "Andrea",
            "last_name": "Wheeler",
            "is_approved": true,
            "role": "rpi",
            "rcs_id": "student48",
            "graduation_year": 2025,
            "updated_at": "2025-12-29T02:30:00+0000",
            "created_at": "2025-12-29T02:30:00+0000"
        }
    },
    {
        "model": "portal.User",
        "pk": 49,
        "fields": {
            "email": "student49@rpi.edu",
            "first_name": "Rachel",
            "last_name": "Henderson",
            "is_approved": true,
            "role": "rpi",
            "rcs_id": "student49",
            "graduation_year": 2027,
            "updated_at": "2025-12-29T02:30:00+0000",
            "created_at": "2025-12-29T02:30:00+0000"
        }
    },
    {
        "model": "portal.Project",
        "pk": 0,
        "fields": {
            "name": "Clear Project",
            "slug": "clear-project",
            "owner": 4,
            "is_approved": true,
            "description": "Another pretty have energy together agent pick another.",
            "updated_at": "2025-12-29T02:30:00+0000",
            "created_at": "2025-12-29T02:30:00+0000"
        }
    },
    {
        "model": "portal.Project",
        "pk": 1,
        "fields": {
            "name": "Lonely Project",
            "slug": "lonely-project",
            "owner": 35,
            "is_approved": true,
            "description": "Report former recently most sound.",
            "updated_at": "2025-12-29T02:30:00+0000",
            "created_at": "2025-12-29T02:30:00+0000"
        }
    },
    {
        "model": "portal.Project",
        "pk": 2,
        "fields": {
            "name": "Upper Project",
            "slug": "upper-project",
            "owner": 35,
            "is_approved": true,
            "description": "Stock operation what market author whatever.",
            "updated_at": "2025-12-29T02:30:00+0000",
            "created_at": "2025-12-29T02:30:00+0000"
        }
    },
    {
        "model": "portal.Project",
        "pk": 3,
        "fields": {
            "name": "Dependent Project",
            "slug": "dependent-project",
            "owner": 25,
            "is_approved": true,
            "description": "Play nature might last growth.",
            "updated_at": "2025-12-29T02:30:00+0000",
            "created_at": "2025-12-29T02:30:00+0000"
        }
    },
    {
        "model": "portal.Project",
        "pk": 4,
        "fields": {
            "name": "Foreign Project",
            "slug": "foreign-project",
            "owner": 36,
            "is_approved": true,
            "description": "Current somebody reduce run eat hair behavior.",
            "updated_at": "2025-12-29T02:30:00+0000",
            "created_at": "2025-12-29T02:30:00+0000"
        }
    },
    {
        "model": "portal.Project",
        "pk": 5,
        "fields": {
            "name": "Inner Project",
            "slug": "inner-project",
            "owner": 19,
            "is_approved": true,
            "description": "Thought position modern them someone.",
            "updated_at": "2025-12-29T02:30:00+0000",
            "created_at": "2025-12-29T02:30:00+0000"
        }
    },
    {
        "model": "portal.Project",
        "pk": 6,
        "fields": {
            "name": "Own Project",
            "slug": "own-project",
            "owner": 17,
            "is_approved": false,
            "description": "Animal serve benefit situation area moment player.",
            "updated_at": "2025-12-29T02:30:00+0000",
            "created_at": "2025-12-29T02:30:00+0000"
        }
    },
    {
        "model": "portal.Project",
        "pk": 7,
        "fields": {
            "name": "Local Project",
            "slug": "local-project",
            "owner": 4,
            "is_approved": false,
            "description": "Help commercial scientist feeling.",
            "updated_at": "2025-12-29T02:30:00+0000",
            "created_at": "2025-12-29T02:30:00+0000"
        }
    },
    {
        "model": "portal.Project",
        "pk": 8,
        "fields": {
            "name": "Senior Project",
            "slug": "senior-project",
            "owner": 3,
            "is_approved": true,
            "description": "Hit fine record arm marriage role.",
            "updated_at": "2025-12-29T02:30:00+0000",
            "created_at": "2025-12-29T02:30:00+0000"
        }
    },
    {
        "model": "portal.Project",
        "pk": 9,
        "fields": {
            "name": "Tight Project",
            "slug": "tight-project",
            "owner": 3,
            "is_approved": true,
            "description": "Soon organization more.",
            "updated_at": "2025-12-29T02:30:00+0000",
            "created_at": "2025-12-29T02:30:00+0000"
        }
    },
    {
        "model": "portal.Project",
        "pk": 10,
        "fields": {
            "name": "Famous Project",
            "slug": "famous-project",
            "owner": 29,
            "is_approved": false,
            "description": "Grow create upon go develop argue.",
            "updated_at": "2025-12-29T02:30:00+0000",
            "created_at": "2025-12-29T02:30:00+0000"
        }
    },
    {
        "model": "portal.Project",
        "pk": 11,
        "fields": {
            "name": "Due Project",
            "slug": "due-project",
            "owner": 11,
            "is_approved": false,
            "description": "Particularly peace return owner conference science behavior.",
            "updated_at": "2025-12-29T02:30:00+0000",
            "created_at": "2025-12-29T02:30:00+0000"
        }
    },
    {
        "model": "portal.Project",
        "pk": 12,
        "fields": {
            "name": "Wooden Project",
            "slug": "wooden-project",
            "owner": 12,
            "is_approved": true,
            "description": "Black team off big.",
            "updated_at": "2025-12-29T02:30:00+0000",
            "created_at": "2025-12-29T02:30:00+0000"
        }
    },
    {
        "model": "portal.Project",
        "pk": 13,
        "fields": {
            "name": "Working Project",
            "slug": "working-project",
            "owner": 4,
            "is_approved": true,
            "description": "Action Republican body campaign.",
            "updated_at": "2025-12-29T02:30:00+0000",
            "created_at": "2025-12-29T02:30:00+0000"
        }
    },
    {
        "model": "portal.Project",
        "pk": 14,
        "fields": {
            "name": "Lucky Project",
            "slug": "lucky-project",
            "owner": 6,
            "is_approved": true,
            "description": "Scene low society doctor direction particularly top.",
            "updated_at": "2025-12-29T02:30:00+0000",
            "created_at": "2025-12-29T02:30:00+0000"
        }
    },
    {
        "model": "portal.Project",
        "pk": 15,
        "fields": {
            "name": "Spiritual Project",
            "slug": "spiritual-project",
            "owner": 49,
            "is_approved": true,
            "description": "Establish lose as father election.",
            "updated_at": "2025-12-29T02:30:00+0000",
            "created_at": "2025-12-29T02:30:00+0000"
        }
    },
    {
        "model": "portal.Project",
        "pk": 16,
        "fields": {
            "name": "Suspicious Project",
            "slug": "suspicious-project",
            "owner": 18,
            "is_approved": true,
            "description": "Church commercial wish southern into.",
            "updated_at": "2025-12-29T02:30:00+0000",
            "created_at": "2025-12-29T02:30:00+0000"
        }
    },
    {
        "model": "portal.Project",
        "pk": 17,
        "fields": {
            "name": "Acceptable Project",
            "slug": "acceptable-project",
            "owner": 15,
            "is_approved": false,
            "description": "Life test learn suddenly imagine old figure.",
            "updated_at": "2025-12-29T02:30:00+0000",
            "created_at": "2025-12-29T02:30:00+0000"
        }
    },
    {
        "model": "portal.Project",
        "pk": 18,
        "fields": {
            "name": "Perfect Project",
            "slug": "perfect-project",
            "owner": 38,
            "is_approved": false,
            "description": "Never field with standard mother part.",
            "updated_at": "2025-12-29T02:30:00+0000",
            "created_at": "2025-12-29T02:30:00+0000"
        }
    },
    {
        "model": "portal.Project",
        "pk": 19,
        "fields": {
            "name": "Slow Project",
            "slug": "slow-project",
            "owner": 48,
            "is_approved": true,
            "description": "Adult war first direction.",
            "updated_at": "2025-12-29T02:30:00+0000",
            "created_at": "2025-12-29T02:30:00+0000"
        }
    },
    {
        "model": "portal.Project",
        "pk": 20,
        "fields": {
            "name": "Healthy Project",
            "slug": "healthy-project",
            "owner": 45,
            "is_approved": false,
            "description": "Nearly entire bar this seat card man.",
            "updated_at": "2025-12-29T02:30:00+0000",
            "created_at": "2025-12-29T02:30:00+0000"
        }
    },
    {
        "model": "portal.Project",
        "pk": 21,
        "fields": {
            "name": "Much Project",
            "slug": "much-project",
            "owner": 19,
            "is_approved": true,
            "description": "Fear onto lead thousand off individual teacher spend.",
            "updated_at": "2025-12-29T02:30:00+0000",
            "created_at": "2025-12-29T02:30:00+0000"
        }
    },
    {
        "model": "portal.Project",
        "pk": 22,
        "fields": {
            "name": "Normal Project",
            "slug": "normal-project",
            "owner": 37,
            "is_approved": true,
            "description": "Language than claim such become rest might.",
            "updated_at": "2025-12-29T02:30:00+0000",
            "created_at": "2025-12-29T02:30:00+0000"
        }
    },
    {
        "model": "portal.Project",
        "pk": 23,
        "fields": {
            "name": "Weak Project",
            "slug": "weak-project",
            "owner": 22,
            "is_approved": true,
            "description": "If paper on guy majority.",
            "updated_at": "2025-12-29T02:30:00+0000",
            "created_at": "2025-12-29T02:30:00+0000"
        }
    },
    {
        "model": "portal.Project",
        "pk": 24,
        "fields": {
            "name": "Private Project",
            "slug": "private-project",
            "owner": 38,
            "is_approved": true,
            "description": "Wind number popular actually.",
            "updated_at": "2025-12-29T02:30:00+0000",
            "created_at": "2025-12-29T02:30:00+0000"
        }
    },
    {
        "model": "portal.Project",
        "pk": 25,
        "fields": {
            "name": "Boring Project",
            "slug": "boring-project",
            "owner": 23,
            "is_approved": true,
            "description": "Still must boy.",
            "updated_at": "2025-12-29T02:30:00+0000",
            "created_at": "2025-12-29T02:30:00+0000"
        }
    },
    {
        "model": "portal.Project",
        "pk": 26,
        "fields": {
            "name": "Available Project",
            "slug": "available-project",
            "owner": 46,
            "is_approved": true,
            "description": "They range least answer fish.",
            "updated_at": "2025-12-29T02:30:00+0000",
            "created_at": "2025-12-29T02:30:00+0000"
        }
    },
    {
        "model": "portal.Project",
        "pk": 27,
        "fields": {
            "name": "Brilliant Project",
            "slug": "brilliant-project",
            "owner": 15,
            "is_approved": true,
            "description": "Anything prevent very simply even ten environmental.",
            "updated_at": "2025-12-29T02:30:00+0000",
            "created_at": "2025-12-29T02:30:00+0000"
        }
    },
    {
        "model": "portal.Project",
        "pk": 28,
        "fields": {
            "name": "Cool Project",
            "slug": "cool-project",
            "owner": 34,
            "is_approved": true,
            "description": "Beyond voice hand her enter between federal.",
            "updated_at": "2025-12-29T02:30:00+0000",
            "created_at": "2025-12-29T02:30:00+0000"
        }
    },
    {
        "model": "portal.Project",
        "pk": 29,
        "fields": {
            "name": "Obvious Project",
            "slug": "obvious-project",
            "owner": 14,
            "is_approved": true,
            "description": "Worker way let computer far responsibility.",
            "updated_at": "2025-12-29T02:30:00+0000",
            "created_at": "2025-12-29T02:30:00+0000"
        }
    },
    {
        "model": "portal.Enrollment",
        "pk": 1,
        "fields": {
            "semester": "202601",
            "user": 2,
            "project": 28,
            "credits": 1,
            "is_project_lead": true,
            "updated_at": "2025-12-29T02:30:00+0000",
            "created_at": "2025-12-29T02:30:00+0000"
        }
    },
    {
        "model": "portal.Enrollment",
        "pk": 2,
        "fields": {
            "semester": "202508",
            "user": 2,
            "project": 19,
            "credits": 0,
            "is_project_lead": false,
            "updated_at": "2025-12-29T02:30:00+0000",
            "created_at": "2025-12-29T02:30:00+0000"
        }
    },
    {
        "model": "portal.Enrollment",
        "pk": 3,
        "fields": {
            "semester": "202501",
            "user": 2,
            "project": 17,
            "credits": 2,
            "is_project_lead": true,
            "updated_at": "2025-12-29T02:30:00+0000",
            "created_at": "2025-12-29T02:30:00+0000"
        }
    },
    {
        "model": "portal.Enrollment",
        "pk": 4,
        "fields": {
            "semester": "202601",
            "user": 3,
            "project": 9,
            "credits": 1,
            "is_project_lead": true,
            "updated_at": "2025-12-29T02:30:00+0000",
            "created_at": "2025-12-29T02:30:00+0000"
        }
    },
    {
        "model": "portal.Enrollment",
        "pk": 5,
        "fields": {
            "semester": "202508",
            "user": 3,
            "project": 16,
            "credits": 4,
            "is_project_lead": true,
            "updated_at": "2025-12-29T02:30:00+0000",
            "created_at": "2025-12-29T02:30:00+0000"
        }
    },
    {
        "model": "portal.Enrollment",
        "pk": 6,
        "fields": {
            "semester": "202501",
            "user": 3,
            "project": 20,
            "credits": 2,
            "is_project_lead": true,
            "updated_at": "2025-12-29T02:30:00+0000",
            "created_at": "2025-12-29T02:30:00+0000"
        }
    },
    {
        "model": "portal.Enrollment",
        "pk": 7,
        "fields": {
            "semester": "202601",
            "user": 4,
            "project": 8,
            "credits": 1,
            "is_project_lead": false,
            "updated_at": "2025-12-29T02:30:00+0000",
            "created_at": "2025-12-29T02:30:00+0000"
        }
    },
    {
        "model": "portal.Enrollment",
        "pk": 8,
        "fields": {
            "semester": "202508",
            "user": 4,
            "project": 22,
            "credits": 3,
            "is_project_lead": false,
            "updated_at": "2025-12-29T02:30:00+0000",
            "created_at": "2025-12-29T02:30:00+0000"
        }
    },
    {
        "model": "portal.Enrollment",
        "pk": 9,
        "fields": {
            "semester": "202501",
            "user": 4,
            "project": 4,
            "credits": 1,
            "is_project_lead": false,
            "updated_at": "2025-12-29T02:30:00+0000",
            "created_at": "2025-12-29T02:30:00+0000"
        }
    },
    {
        "model": "portal.Enrollment",
        "pk": 10,
        "fields": {
            "semester": "202601",
            "user": 5,
            "project": 0,
            "credits": 1,
            "is_project_lead": false,
            "updated_at": "2025-12-29T02:30:00+0000",
            "created_at": "2025-12-29T02:30:00+0000"
        }
    },
    {
        "model": "portal.Enrollment",
        "pk": 11,
        "fields": {
            "semester": "202508",
            "user": 5,
            "project": 6,
            "credits": 3,
            "is_project_lead": true,
            "updated_at": "2025-12-29T02:30:00+0000",
            "created_at": "2025-12-29T02:30:00+0000"
        }
    },
    {
        "model": "portal.Enrollment",
        "pk": 12,
        "fields": {
            "semester": "202501",
            "user": 5,
            "project": 21,
            "credits": 4,
            "is_project_lead": false,
            "updated_at": "2025-12-29T02:30:00+0000",
            "created_at": "2025-12-29T02:30:00+0000"
        }
    },
    {
        "model": "portal.Enrollment",
        "pk": 13,
        "fields": {
            "semester": "202601",
            "user": 6,
            "project": 2,
            "credits": 1,
            "is_project_lead": false,
            "updated_at": "2025-12-29T02:30:00+0000",
            "created_at": "2025-12-29T02:30:00+0000"
        }
    },
    {
        "model": "portal.Enrollment",
        "pk": 14,
        "fields": {
            "semester": "202508",
            "user": 6,
            "project": 27,
            "credits": 3,
            "is_project_lead": false,
            "updated_at": "2025-12-29T02:30:00+0000",
            "created_at": "2025-12-29T02:30:00+0000"
        }
    },
    {
        "model": "portal.Enrollment",
        "pk": 15,
        "fields": {
            "semester": "202501",
            "user": 6,
            "project": 24,
            "credits": 2,
            "is_project_lead": false,
            "updated_at": "2025-12-29T02:30:00+0000",
            "created_at": "2025-12-29T02:30:00+0000"
        }
    },
    {
        "model": "portal.Enrollment",
        "pk": 16,
        "fields": {
            "semester": "202601",
            "user": 7,
            "project": 2,
            "credits": 0,
            "is_project_lead": false,
            "updated_at": "2025-12-29T02:30:00+0000",
            "created_at": "2025-12-29T02:30:00+0000"
        }
    },
    {
        "model": "portal.Enrollment",
        "pk": 17,
        "fields": {
            "semester": "202508",
            "user": 7,
            "project": 5,
            "credits": 3,
            "is_project_lead": false,
            "updated_at": "2025-12-29T02:30:00+0000",
            "created_at": "2025-12-29T02:30:00+0000"
        }
    },
    {
        "model": "portal.Enrollment",
        "pk": 18,
        "fields": {
            "semester": "202501",
            "user": 7,
            "project": 26,
            "credits": 1,
            "is_project_lead": false,
            "updated_at": "2025-12-29T02:30:00+0000",
            "created_at": "2025-12-29T02:30:00+0000"
        }
    },
    {
        "model": "portal.Enrollment",
        "pk": 19,
        "fields": {
            "semester": "202601",
            "user": 8,
            "project": 17,
            "credits": 2,
            "is_project_lead": true,
            "updated_at": "2025-12-29T02:30:00+0000",
            "created_at": "2025-12-29T02:30:00+0000"
        }
    },
    {
        "model": "portal.Enrollment",
        "pk": 20,
        "fields": {
            "semester": "202508",
            "user": 8,
            "project": 5,
            "credits": 4,
            "is_project_lead": true,
            "updated_at": "2025-12-29T02:30:00+0000",
            "created_at": "2025-12-29T02:30:00+0000"
        }
    },
    {
        "model": "portal.Enrollment",
        "pk": 21,
        "fields": {
            "semester": "202501",
            "user": 8,
            "project": 29,
            "credits": 2,
            "is_project_lead": true,
            "updated_at": "2025-12-29T02:30:00+0000",
            "created_at": "2025-12-29T02:30:00+0000"
        }
    },
    {
        "model": "portal.Enrollment",
        "pk": 22,
        "fields": {
            "semester": "202601",
            "user": 9,
            "project": 24,
            "credits": 3,
            "is_project_lead": true,
            "updated_at": "2025-12-29T02:30:00+0000",
            "created_at": "2025-12-29T02:30:00+0000"
        }
    },
    {
        "model": "portal.Enrollment",
        "pk": 23,
        "fields": {
            "semester": "202508",
            "user": 9,
            "project": 22,
            "credits": 1,
            "is_project_lead": true,
            "updated_at": "2025-12-29T02:30:00+0000",
            "created_at": "2025-12-29T02:30:00+0000"
        }
    },
    {
        "model": "portal.Enrollment",
        "pk": 24,
        "fields": {
            "semester": "202501",
            "user": 9,
            "project": 24,
            "credits": 1,
            "is_project_lead": false,
            "updated_at": "2025-12-29T02:30:00+0000",
            "created_at": "2025-12-29T02:30:00+0000"
        }
    },
    {
        "model": "portal.Enrollment",
        "pk": 25,
        "fields": {
            "semester": "202601",
            "user": 10,
            "project": 18,
            "credits": 4,
            "is_project_lead": true,
            "updated_at": "2025-12-29T02:30:00+0000",
            "created_at": "2025-12-29T02:30:00+0000"
        }
    },
    {
        "model": "portal.Enrollment",
        "pk": 26,
        "fields": {
            "semester": "202508",
            "user": 10,
            "project": 23,
            "credits": 4,
            "is_project_lead": true,
            "updated_at": "2025-12-29T02:30:00+0000",
            "created_at": "2025-12-29T02:30:00+0000"
        }
    },
    {
        "model": "portal.Enrollment",
        "pk": 27,
        "fields": {
            "semester": "202501",
            "user": 10,
            "project": 26,
            "credits": 0,
            "is_project_lead": false,
            "updated_at": "2025-12-29T02:30:00+0000",
            "created_at": "2025-12-29T02:30:00+0000"
        }
    },
    {
        "model": "portal.Enrollment",
        "pk": 28,
        "fields": {
            "semester": "202601",
            "user": 11,
            "project": 9,
            "credits": 3,
            "is_project_lead": true,
            "updated_at": "2025-12-29T02:30:00+0000",
            "created_at": "2025-12-29T02:30:00+0000"
        }
    },
    {
        "model": "portal.Enrollment",
        "pk": 29,
        "fields": {
            "semester": "202508",
            "user": 11,
            "project": 6,
            "credits": 1,
            "is_project_lead": true,
            "updated_at": "2025-12-29T02:30:00+0000",
            "created_at": "2025-12-29T02:30:00+0000"
        }
    },
    {
        "model": "portal.Enrollment",
        "pk": 30,
        "fields": {
            "semester": "202501",
            "user": 11,
            "project": 18,
            "credits": 3,
            "is_project_lead": true,
            "updated_at": "2025-12-29T02:30:00+0000",
            "created_at": "2025-12-29T02:30:00+0000"
        }
    },
    {
        "model": "portal.Enrollment",
        "pk": 31,
        "fields": {
            "semester": "202601",
            "user": 12,
            "project": 3,
            "credits": 0,
            "is_project_lead": false,
            "updated_at": "2025-12-29T02:30:00+0000",
            "created_at": "2025-12-29T02:30:00+0000"
        }
    },
    {
        "model": "portal.Enrollment",
        "pk": 32,
        "fields": {
            "semester": "202508",
            "user": 12,
            "project": 0,
            "credits": 4,
            "is_project_lead": false,
            "updated_at": "2025-12-29T02:30:00+0000",
            "created_at": "2025-12-29T02:30:00+0000"
        }
    },
    {
        "model": "portal.Enrollment",
        "pk": 33,
        "fields": {
            "semester": "202501",
            "user": 12,
            "project": 28,
            "credits": 1,
            "is_project_lead": false,
            "updated_at": "2025-12-29T02:30:00+0000",
            "created_at": "2025-12-29T02:30:00+0000"
        }
    },
    {
        "model": "portal.Enrollment",
        "pk": 34,
        "fields": {
            "semester": "202601",
            "user": 13,
            "project": 21,
            "credits": 0,
            "is_project_lead": true,
            "updated_at": "2025-12-29T02:30:00+0000",
            "created_at": "2025-12-29T02:30:00+0000"
        }
    },
    {
        "model": "portal.Enrollment",
        "pk": 35,
        "fields": {
            "semester": "202508",
            "user": 13,
            "project": 8,
            "credits": 0,
            "is_project_lead": false,
            "updated_at": "2025-12-29T02:30:00+0000",
            "created_at": "2025-12-29T02:30:00+0000"
        }
    },
    {
        "model": "portal.Enrollment",
        "pk": 36,
        "fields": {
            "semester": "202501",
            "user": 13,
            "project": 14,
            "credits": 0,
            "is_project_lead": false,
            "updated_at": "2025-12-29T02:30:00+0000",
            "created_at": "2025-12-29T02:30:00+0000"
        }
    },
    {
        "model": "portal.Enrollment",
        "pk": 37,
        "fields": {
            "semester": "202601",
            "user": 14,
            "project": 9,
            "credits": 2,
            "is_project_lead": true,
            "updated_at": "2025-12-29T02:30:00+0000",
            "created_at": "2025-12-29T02:30:00+0000"
        }
    },
    {
        "model": "portal.Enrollment",
        "pk": 38,
        "fields": {
            "semester": "202508",
            "user": 14,
            "project": 1,
            "credits": 4,
            "is_project_lead": false,
            "updated_at": "2025-12-29T02:30:00+0000",
            "created_at": "2025-12-29T02:30:00+0000"
        }
    },
    {
        "model": "portal.Enrollment",
        "pk": 39,
        "fields": {
            "semester": "202501",
            "user": 14,
            "project": 0,
            "credits": 3,
            "is_project_lead": true,
            "updated_at": "2025-12-29T02:30:00+0000",
            "created_at": "2025-12-29T02:30:00+0000"
        }
    },
    {
        "model": "portal.Enrollment",
        "pk": 40,
        "fields": {
            "semester": "202601",
            "user": 15,
            "project": 9,
            "credits": 0,
            "is_project_lead": false,
            "updated_at": "2025-12-29T02:30:00+0000",
            "created_at": "2025-12-29T02:30:00+0000"
        }
    },
    {
        "model": "portal.Enrollment",
        "pk": 41,
        "fields": {
            "semester": "202508",
            "user": 15,
            "project": 20,
            "credits": 2,
            "is_project_lead": false,
            "updated_at": "2025-12-29T02:30:00+0000",
            "created_at": "2025-12-29T02:30:00+0000"
        }
    },
    {
        "model": "portal.Enrollment",
        "pk": 42,
        "fields": {
            "semester": "202501",
            "user": 15,
            "project": 8,
            "credits": 3,
            "is_project_lead": false,
            "updated_at": "2025-12-29T02:30:00+0000",
            "created_at": "2025-12-29T02:30:00+0000"
        }
    },
    {
        "model": "portal.Enrollment",
        "pk": 43,
        "fields": {
            "semester": "202601",
            "user": 16,
            "project": 15,
            "credits": 1,
            "is_project_lead": false,
            "updated_at": "2025-12-29T02:30:00+0000",
            "created_at": "2025-12-29T02:30:00+0000"
        }
    },
    {
        "model": "portal.Enrollment",
        "pk": 44,
        "fields": {
            "semester": "202508",
            "user": 16,
            "project": 23,
            "credits": 4,
            "is_project_lead": false,
            "updated_at": "2025-12-29T02:30:00+0000",
            "created_at": "2025-12-29T02:30:00+0000"
        }
    },
    {
        "model": "portal.Enrollment",
        "pk": 45,
        "fields": {
            "semester": "202501",
            "user": 16,
            "project": 26,
            "credits": 2,
            "is_project_lead": true,
            "updated_at": "2025-12-29T02:30:00+0000",
            "created_at": "2025-12-29T02:30:00+0000"
        }
    },
    {
        "model": "portal.Enrollment",
        "pk": 46,
        "fields": {
            "semester": "202601",
            "user": 17,
            "project": 21,
            "credits": 4,
            "is_project_lead": false,
            "updated_at": "2025-12-29T02:30:00+0000",
            "created_at": "2025-12-29T02:30:00+0000"
        }
    },
    {
        "model": "portal.Enrollment",
        "pk": 47,
        "fields": {
            "semester": "202508",
            "user": 17,
            "project": 16,
            "credits": 3,
            "is_project_lead": false,
            "updated_at": "2025-12-29T02:30:00+0000",
            "created_at": "2025-12-29T02:30:00+0000"
        }
    },
    {
        "model": "portal.Enrollment",
        "pk": 48,
        "fields": {
            "semester": "202501",
            "user": 17,
            "project": 1,
            "credits": 3,
            "is_project_lead": false,
            "updated_at": "2025-12-29T02:30:00+0000",
            "created_at": "2025-12-29T02:30:00+0000"
        }
    },
    {
        "model": "portal.Enrollment",
        "pk": 49,
        "fields": {
            "semester": "202601",
            "user": 18,
            "project": 24,
            "credits": 1,
            "is_project_lead": false,
            "updated_at": "2025-12-29T02:30:00+0000",
            "created_at": "2025-12-29T02:30:00+0000"
        }
    },
    {
        "model": "portal.Enrollment",
        "pk": 50,
        "fields": {
            "semester": "202508",
            "user": 18,
            "project": 14,
            "credits": 0,
            "is_project_lead": false,
            "updated_at": "2025-12-29T02:30:00+0000",
            "created_at": "2025-12-29T02:30:00+0000"
        }
    },
    {
        "model": "portal.Enrollment",
        "pk": 51,
        "fields": {
            "semester": "202501",
            "user": 18,
            "project": 9,
            "credits": 4,
            "is_project_lead": true,
            "updated_at": "2025-12-29T02:30:00+0000",
            "created_at": "2025-12-29T02:30:00+0000"
        }
    },
    {
        "model": "portal.Enrollment",
        "pk": 52,
        "fields": {
            "semester": "202601",
            "user": 19,
            "project": 26,
            "credits": 3,
            "is_project_lead": true,
            "updated_at": "2025-12-29T02:30:00+0000",
            "created_at": "2025-12-29T02:30:00+0000"
        }
    },
    {
        "model": "portal.Enrollment",
        "pk": 53,
        "fields": {
            "semester": "202508",
            "user": 19,
            "project": 23,
            "credits": 1,
            "is_project_lead": false,
            "updated_at": "2025-12-29T02:30:00+0000",
            "created_at": "2025-12-29T02:30:00+0000"
        }
    },
    {
        "model": "portal.Enrollment",
        "pk": 54,
        "fields": {
            "semester": "202501",
            "user": 19,
            "project": 11,
            "credits": 3,
            "is_project_lead": false,
            "updated_at": "2025-12-29T02:30:00+0000",
            "created_at": "2025-12-29T02:30:00+0000"
        }
    },
    {
        "model": "portal.Enrollment",
        "pk": 55,
        "fields": {
            "semester": "202601",
            "user": 20,
            "project": 23,
            "credits": 0,
            "is_project_lead": true,
            "updated_at": "2025-12-29T02:30:00+0000",
            "created_at": "2025-12-29T02:30:00+0000"
        }
    },
    {
        "model": "portal.Enrollment",
        "pk": 56,
        "fields": {
            "semester": "202508",
            "user": 20,
            "project": 0,
            "credits": 1,
            "is_project_lead": false,
            "updated_at": "2025-12-29T02:30:00+0000",
            "created_at": "2025-12-29T02:30:00+0000"
        }
    },
    {
        "model": "portal.Enrollment",
        "pk": 57,
        "fields": {
            "semester": "202501",
            "user": 20,
            "project": 5,
            "credits": 3,
            "is_project_lead": true,
            "updated_at": "2025-12-29T02:30:00+0000",
            "created_at": "2025-12-29T02:30:00+0000"
        }
    },
    {
        "model": "portal.Enrollment",
        "pk": 58,
        "fields": {
            "semester": "202601",
            "user": 21,
            "project": 11,
            "credits": 2,
            "is_project_lead": false,
            "updated_at": "2025-12-29T02:30:00+0000",
            "created_at": "2025-12-29T02:30:00+0000"
        }
    },
    {
        "model": "portal.Enrollment",
        "pk": 59,
        "fields": {
            "semester": "202508",
            "user": 21,
            "project": 7,
            "credits": 4,
            "is_project_lead": false,
            "updated_at": "2025-12-29T02:30:00+0000",
            "created_at": "2025-12-29T02:30:00+0000"
        }
    },
    {
        "model": "portal.Enrollment",
        "pk": 60,
        "fields": {
            "semester": "202501",
            "user": 21,
            "project": 2,
            "credits": 1,
            "is_project_lead": true,
            "updated_at": "2025-12-29T02:30:00+0000",
            "created_at": "2025-12-29T02:30:00+0000"
        }
    },
    {
        "model": "portal.Enrollment",
        "pk": 61,
        "fields": {
            "semester": "202601",
            "user": 22,
            "project": 13,
            "credits": 3,
            "is_project_lead": false,
            "updated_at": "2025-12-29T02:30:00+0000",
            "created_at": "2025-12-29T02:30:00+0000"
        }
    },
    {
        "model": "portal.Enrollment",
        "pk": 62,
        "fields": {
            "semester": "202508",
            "user": 22,
            "project": 0,
            "credits": 2,
            "is_project_lead": false,
            "updated_at": "2025-12-29T02:30:00+0000",
            "created_at": "2025-12-29T02:30:00+0000"
        }
    },
    {
        "model": "portal.Enrollment",
        "pk": 63,
        "fields": {
            "semester": "202501",
            "user": 22,
            "project": 0,
            "credits": 0,
            "is_project_lead": false,
            "updated_at": "2025-12-29T02:30:00+0000",
            "created_at": "2025-12-29T02:30:00+0000"
        }
    },
    {
        "model": "portal.Enrollment",
        "pk": 64,
        "fields": {
            "semester": "202601",
            "user": 23,
            "project": 16,
            "credits": 4,
            "is_project_lead": false,
            "updated_at": "2025-12-29T02:30:00+0000",
            "created_at": "2025-12-29T02:30:00+0000"
        }
    },
    {
        "model": "portal.Enrollment",
        "pk": 65,
        "fields": {
            "semester": "202508",
            "user": 23,
            "project": 5,
            "credits": 3,
            "is_project_lead": false,
            "updated_at": "2025-12-29T02:30:00+0000",
            "created_at": "2025-12-29T02:30:00+0000"
        }
    },
    {
        "model": "portal.Enrollment",
        "pk": 66,
        "fields": {
            "semester": "202501",
            "user": 23,
            "project": 11,
            "credits": 1,
            "is_project_lead": false,
            "updated_at": "2025-12-29T02:30:00+0000",
            "created_at": "2025-12-29T02:30:00+0000"
        }
    },
    {
        "model": "portal.Enrollment",
        "pk": 67,
        "fields": {
            "semester": "202601",
            "user": 24,
            "project": 5,
            "credits": 4,
            "is_project_lead": true,
            "updated_at": "2025-12-29T02:30:00+0000",
            "created_at": "2025-12-29T02:30:00+0000"
        }
    },
    {
        "model": "portal.Enrollment",
        "pk": 68,
        "fields": {
            "semester": "202508",
            "user": 24,
            "project": 23,
            "credits": 0,
            "is_project_lead": true,
            "updated_at": "2025-12-29T02:30:00+0000",
            "created_at": "2025-12-29T02:30:00+0000"
        }
    },
    {
        "model": "portal.Enrollment",
        "pk": 69,
        "fields": {
            "semester": "202501",
            "user": 24,
            "project": 7,
            "credits": 4,
            "is_project_lead": true,
            "updated_at": "2025-12-29T02:30:00+0000",
            "created_at": "2025-12-29T02:30:00+0000"
        }
    },
    {
        "model": "portal.Enrollment",
        "pk": 70,
        "fields": {
            "semester": "202601",
            "user": 25,
            "project": 17,
            "credits": 3,
            "is_project_lead": false,
            "updated_at": "2025-12-29T02:30:00+0000",
            "created_at": "2025-12-29T02:30:00+0000"
        }
    },
    {
        "model": "portal.Enrollment",
        "pk": 71,
        "fields": {
            "semester": "202508",
            "user": 25,
            "project": 26,
            "credits": 2,
            "is_project_lead": false,
            "updated_at": "2025-12-29T02:30:00+0000",
            "created_at": "2025-12-29T02:30:00+0000"
        }
    },
    {
        "model": "portal.Enrollment",
        "pk": 72,
        "fields": {
            "semester": "202501",
            "user": 25,
            "project": 22,
            "credits": 0,
            "is_project_lead": true,
            "updated_at": "2025-12-29T02:30:00+0000",
            "created_at": "2025-12-29T02:30:00+0000"
        }
    },
    {
        "model": "portal.Enrollment",
        "pk": 73,
        "fields": {
            "semester": "202601",
            "user": 26,
            "project": 17,
            "credits": 2,
            "is_project_lead": true,
            "updated_at": "2025-12-29T02:30:00+0000",
            "created_at": "2025-12-29T02:30:00+0000"
        }
    },
    {
        "model": "portal.Enrollment",
        "pk": 74,
        "fields": {
            "semester": "202508",
            "user": 26,
            "project": 19,
            "credits": 1,
            "is_project_lead": false,
            "updated_at": "2025-12-29T02:30:00+0000",
            "created_at": "2025-12-29T02:30:00+0000"
        }
    },
    {
        "model": "portal.Enrollment",
        "pk": 75,
        "fields": {
            "semester": "202501",
            "user": 26,
            "project": 27,
            "credits": 2,
            "is_project_lead": false,
            "updated_at": "2025-12-29T02:30:00+0000",
            "created_at": "2025-12-29T02:30:00+0000"
        }
    },
    {
        "model": "portal.Enrollment",
        "pk": 76,
        "fields": {
            "semester": "202601",
            "user": 27,
            "project": 13,
            "credits": 0,
            "is_project_lead": false,
            "updated_at": "2025-12-29T02:30:00+0000",
            "created_at": "2025-12-29T02:30:00+0000"
        }
    },
    {
        "model": "portal.Enrollment",
        "pk": 77,
        "fields": {
            "semester": "202508",
            "user": 27,
            "project": 13,
            "credits": 1,
            "is_project_lead": true,
            "updated_at": "2025-12-29T02:30:00+0000",
            "created_at": "2025-12-29T02:30:00+0000"
        }
    },
    {
        "model": "portal.Enrollment",
        "pk": 78,
        "fields": {
            "semester": "202501",
            "user": 27,
            "project": 13,
            "credits": 1,
            "is_project_lead": false,
            "updated_at": "2025-12-29T02:30:00+0000",
            "created_at": "2025-12-29T02:30:00+0000"
        }
    },
    {
        "model": "portal.Enrollment",
        "pk": 79,
        "fields": {
            "semester": "202601",
            "user": 28,
            "project": 20,
            "credits": 2,
            "is_project_lead": false,
            "updated_at": "2025-12-29T02:30:00+0000",
            "created_at": "2025-12-29T02:30:00+0000"
        }
    },
    {
        "model": "portal.Enrollment",
        "pk": 80,
        "fields": {
            "semester": "202508",
            "user": 28,
            "project": 27,
            "credits": 3,
            "is_project_lead": false,
            "updated_at": "2025-12-29T02:30:00+0000",
            "created_at": "2025-12-29T02:30:00+0000"
        }
    },
    {
        "model": "portal.Enrollment",
        "pk": 81,
        "fields": {
            "semester": "202501",
            "user": 28,
            "project": 29,
            "credits": 2,
            "is_project_lead": true,
            "updated_at": "2025-12-29T02:30:00+0000",
            "created_at": "2025-12-29T02:30:00+0000"
        }
    },
    {
        "model": "portal.Enrollment",
        "pk": 82,
        "fields": {
            "semester": "202601",
            "user": 29,
            "project": 14,
            "credits": 1,
            "is_project_lead": false,
            "updated_at": "2025-12-29T02:30:00+0000",
            "created_at": "2025-12-29T02:30:00+0000"
        }
    },
    {
        "model": "portal.Enrollment",
        "pk": 83,
        "fields": {
            "semester": "202508",
            "user": 29,
            "project": 15,
            "credits": 0,
            "is_project_lead": false,
            "updated_at": "2025-12-29T02:30:00+0000",
            "created_at": "2025-12-29T02:30:00+0000"
        }
    },
    {
        "model": "portal.Enrollment",
        "pk": 84,
        "fields": {
            "semester": "202501",
            "user": 29,
            "project": 0,
            "credits": 1,
            "is_project_lead": true,
            "updated_at": "2025-12-29T02:30:00+0000",
            "created_at": "2025-12-29T02:30:00+0000"
        }
    },
    {
        "model": "portal.Enrollment",
        "pk": 85,
        "fields": {
            "semester": "202601",
            "user": 30,
            "project": 17,
            "credits": 1,
            "is_project_lead": false,
            "updated_at": "2025-12-29T02:30:00+0000",
            "created_at": "2025-12-29T02:30:00+0000"
        }
    },
    {
        "model": "portal.Enrollment",
        "pk": 86,
        "fields": {
            "semester": "202508",
            "user": 30,
            "project": 13,
            "credits": 2,
            "is_project_lead": false,
            "updated_at": "2025-12-29T02:30:00+0000",
            "created_at": "2025-12-29T02:30:00+0000"
        }
    },
    {
        "model": "portal.Enrollment",
        "pk": 87,
        "fields": {
            "semester": "202501",
            "user": 30,
            "project": 1,
            "credits": 2,
            "is_project_lead": false,
            "updated_at": "2025-12-29T02:30:00+0000",
            "created_at": "2025-12-29T02:30:00+0000"
        }
    },
    {
        "model": "portal.Enrollment",
        "pk": 88,
        "fields": {
            "semester": "202601",
            "user": 31,
            "project": 20,
            "credits": 0,
            "is_project_lead": false,
            "updated_at": "2025-12-29T02:30:00+0000",
            "created_at": "2025-12-29T02:30:00+0000"
        }
    },
    {
        "model": "portal.Enrollment",
        "pk": 89,
        "fields": {
            "semester": "202508",
            "user": 31,
            "project": 11,
            "credits": 4,
            "is_project_lead": false,
            "updated_at": "2025-12-29T02:30:00+0000",
            "created_at": "2025-12-29T02:30:00+0000"
        }
    },
    {
        "model": "portal.Enrollment",
        "pk": 90,
        "fields": {
            "semester": "202501",
            "user": 31,
            "project": 0,
            "credits": 2,
            "is_project_lead": false,
            "updated_at": "2025-12-29T02:30:00+0000",
            "created_at": "2025-12-29T02:30:00+0000"
        }
    },
    {
        "model": "portal.Enrollment",
        "pk": 91,
        "fields": {
            "semester": "202601",
            "user": 32,
            "project": 2,
            "credits": 1,
            "is_project_lead": true,
            "updated_at": "2025-12-29T02:30:00+0000",
            "created_at": "2025-12-29T02:30:00+0000"
        }
    },
    {
        "model": "portal.Enrollment",
        "pk": 92,
        "fields": {
            "semester": "202508",
            "user": 32,
            "project": 25,
            "credits": 0,
            "is_project_lead": true,
            "updated_at": "2025-12-29T02:30:00+0000",
            "created_at": "2025-12-29T02:30:00+0000"
        }
    },
    {
        "model": "portal.Enrollment",
        "pk": 93,
        "fields": {
            "semester": "202501",
            "user": 32,
            "project": 29,
            "credits": 0,
            "is_project_lead": true,
            "updated_at": "2025-12-29T02:30:00+0000",
            "created_at": "2025-12-29T02:30:00+0000"
        }
    },
    {
        "model": "portal.Enrollment",
        "pk": 94,
        "fields": {
            "semester": "202601",
            "user": 33,
            "project": 16,
            "credits": 0,
            "is_project_lead": false,
            "updated_at": "2025-12-29T02:30:00+0000",
            "created_at": "2025-12-29T02:30:00+0000"
        }
    },
    {
        "model": "portal.Enrollment",
        "pk": 95,
        "fields": {
            "semester": "202508",
            "user": 33,
            "project": 19,
            "credits": 2,
            "is_project_lead": true,
            "updated_at": "2025-12-29T02:30:00+0000",
            "created_at": "2025-12-29T02:30:00+0000"
        }
    },
    {
        "model": "portal.Enrollment",
        "pk": 96,
        "fields": {
            "semester": "202501",
            "user": 33,
            "project": 19,
            "credits": 4,
            "is_project_lead": false,
            "updated_at": "2025-12-29T02:30:00+0000",
            "created_at": "2025-12-29T02:30:00+0000"
        }
    },
    {
        "model": "portal.Enrollment",
        "pk": 97,
        "fields": {
            "semester": "202601",
            "user": 34,
            "project": 21,
            "credits": 2,
            "is_project_lead": true,
            "updated_at": "2025-12-29T02:30:00+0000",
            "created_at": "2025-12-29T02:30:00+0000"
        }
    },
    {
        "model": "portal.Enrollment",
        "pk": 98,
        "fields": {
            "semester": "202508",
            "user": 34,
            "project": 4,
            "credits": 3,
            "is_project_lead": true,
            "updated_at": "2025-12-29T02:30:00+0000",
            "created_at": "2025-12-29T02:30:00+0000"
        }
    },
    {
        "model": "portal.Enrollment",
        "pk": 99,
        "fields": {
            "semester": "202501",
            "user": 34,
            "project": 27,
            "credits": 3,
            "is_project_lead": false,
            "updated_at": "2025-12-29T02:30:00+0000",
            "created_at": "2025-12-29T02:30:00+0000"
        }
    },
    {
        "model": "portal.Enrollment",
        "pk": 100,
        "fields": {
            "semester": "202601",
            "user": 35,
            "project": 0,
            "credits": 4,
            "is_project_lead": false,
            "updated_at": "2025-12-29T02:30:00+0000",
            "created_at": "2025-12-29T02:30:00+0000"
        }
    },
    {
        "model": "portal.Enrollment",
        "pk": 101,
        "fields": {
            "semester": "202508",
            "user": 35,
            "project": 15,
            "credits": 1,
            "is_project_lead": false,
            "updated_at": "2025-12-29T02:30:00+0000",
            "created_at": "2025-12-29T02:30:00+0000"
        }
    },
    {
        "model": "portal.Enrollment",
        "pk": 102,
        "fields": {
            "semester": "202501",
            "user": 35,
            "project": 3,
            "credits": 4,
            "is_project_lead": false,
            "updated_at": "2025-12-29T02:30:00+0000",
            "created_at": "2025-12-29T02:30:00+0000"
        }
    },
    {
        "model": "portal.Enrollment",
        "pk": 103,
        "fields": {
            "semester": "202601",
            "user": 36,
            "project": 28,
            "credits": 4,
            "is_project_lead": false,
            "updated_at": "2025-12-29T02:30:00+0000",
            "created_at": "2025-12-29T02:30:00+0000"
        }
    },
    {
        "model": "portal.Enrollment",
        "pk": 104,
        "fields": {
            "semester": "202508",
            "user": 36,
            "project": 9,
            "credits": 1,
            "is_project_lead": true,
            "updated_at": "2025-12-29T02:30:00+0000",
            "created_at": "2025-12-29T02:30:00+0000"
        }
    },
    {
        "model": "portal.Enrollment",
        "pk": 105,
        "fields": {
            "semester": "202501",
            "user": 36,
            "project": 8,
            "credits": 0,
            "is_project_lead": false,
            "updated_at": "2025-12-29T02:30:00+0000",
            "created_at": "2025-12-29T02:30:00+0000"
        }
    },
    {
        "model": "portal.Enrollment",
        "pk": 106,
        "fields": {
            "semester": "202601",
            "user": 37,
            "project": 0,
            "credits": 3,
            "is_project_lead": true,
            "updated_at": "2025-12-29T02:30:00+0000",
            "created_at": "2025-12-29T02:30:00+0000"
        }
    },
    {
        "model": "portal.Enrollment",
        "pk": 107,
        "fields": {
            "semester": "202508",
            "user": 37,
            "project": 29,
            "credits": 2,
            "is_project_lead": false,
            "updated_at": "2025-12-29T02:30:00+0000",
            "created_at": "2025-12-29T02:30:00+0000"
        }
    },
    {
        "model": "portal.Enrollment",
        "pk": 108,
        "fields": {
            "semester": "202501",
            "user": 37,
            "project": 17,
            "credits": 1,
            "is_project_lead": false,
            "updated_at": "2025-12-29T02:30:00+0000",
            "created_at": "2025-12-29T02:30:00+0000"
        }
    },
    {
        "model": "portal.Enrollment",
        "pk": 109,
        "fields": {
            "semester": "202601",
            "user": 38,
            "project": 2,
            "credits": 1,
            "is_project_lead": false,
            "updated_at": "2025-12-29T02:30:00+0000",
            "created_at": "2025-12-29T02:30:00+0000"
        }
    },
    {
        "model": "portal.Enrollment",
        "pk": 110,
        "fields": {
            "semester": "202508",
            "user": 38,
            "project": 21,
            "credits": 1,
            "is_project_lead": true,
            "updated_at": "2025-12-29T02:30:00+0000",
            "created_at": "2025-12-29T02:30:00+0000"
        }
    },
    {
        "model": "portal.Enrollment",
        "pk": 111,
        "fields": {
            "semester": "202501",
            "user": 38,
            "project": 25,
            "credits": 0,
            "is_project_lead": false,
            "updated_at": "2025-12-29T02:30:00+0000",
            "created_at": "2025-12-29T02:30:00+0000"
        }
    },
    {
        "model": "portal.Enrollment",
        "pk": 112,
        "fields": {
            "semester": "202601",
            "user": 39,
            "project": 17,
            "credits": 2,
            "is_project_lead": true,
            "updated_at": "2025-12-29T02:30:00+0000",
            "created_at": "2025-12-29T02:30:00+0000"
        }
    },
    {
        "model": "portal.Enrollment",
        "pk": 113,
        "fields": {
            "semester": "202508",
            "user": 39,
            "project": 20,
            "credits": 1,
            "is_project_lead": false,
            "updated_at": "2025-12-29T02:30:00+0000",
            "created_at": "2025-12-29T02:30:00+0000"
        }
    },
    {
        "model": "portal.Enrollment",
        "pk": 114,
        "fields": {
            "semester": "202501",
            "user": 39,
            "project": 15,
            "credits": 0,
            "is_project_lead": false,
            "updated_at": "2025-12-29T02:30:00+0000",
            "created_at": "2025-12-29T02:30:00+0000"
        }
    },
    {
        "model": "portal.Enrollment",
        "pk": 115,
        "fields": {
            "semester": "202601",
            "user": 40,
            "project": 13,
            "credits": 4,
            "is_project_lead": false,
            "updated_at": "2025-12-29T02:30:00+0000",
            "created_at": "2025-12-29T02:30:00+0000"
        }
    },
    {
        "model": "portal.Enrollment",
        "pk": 116,
        "fields": {
            "semester": "202508",
            "user": 40,
            "project": 12,
            "credits": 0,
            "is_project_lead": true,
            "updated_at": "2025-12-29T02:30:00+0000",
            "created_at": "2025-12-29T02:30:00+0000"
        }
    },
    {
        "model": "portal.Enrollment",
        "pk": 117,
        "fields": {
            "semester": "202501",
            "user": 40,
            "project": 29,
            "credits": 2,
            "is_project_lead": true,
            "updated_at": "2025-12-29T02:30:00+0000",
            "created_at": "2025-12-29T02:30:00+0000"
        }
    },
    {
        "model": "portal.Enrollment",
        "pk": 118,
        "fields": {
            "semester": "202601",
            "user": 41,
            "project": 1,
            "credits": 4,
            "is_project_lead": true,
            "updated_at": "2025-12-29T02:30:00+0000",
            "created_at": "2025-12-29T02:30:00+0000"
        }
    },
    {
        "model": "portal.Enrollment",
        "pk": 119,
        "fields": {
            "semester": "202508",
            "user": 41,
            "project": 23,
            "credits": 3,
            "is_project_lead": true,
            "updated_at": "2025-12-29T02:30:00+0000",
            "created_at": "2025-12-29T02:30:00+0000"
        }
    },
    {
        "model": "portal.Enrollment",
        "pk": 120,
        "fields": {
            "semester": "202501",
            "user": 41,
            "project": 7,
            "credits": 2,
            "is_project_lead": false,
            "updated_at": "2025-12-29T02:30:00+0000",
            "created_at": "2025-12-29T02:30:00+0000"
        }
    },
    {
        "model": "portal.Enrollment",
        "pk": 121,
        "fields": {
            "semester": "202601",
            "user": 42,
            "project": 15,
            "credits": 0,
            "is_project_lead": false,
            "updated_at": "2025-12-29T02:30:00+0000",
            "created_at": "2025-12-29T02:30:00+0000"
        }
    },
    {
        "model": "portal.Enrollment",
        "pk": 122,
        "fields": {
            "semester": "202508",
            "user": 42,
            "project": 26,
            "credits": 2,
            "is_project_lead": false,
            "updated_at": "2025-12-29T02:30:00+0000",
            "created_at": "2025-12-29T02:30:00+0000"
        }
    },
    {
        "model": "portal.Enrollment",
        "pk": 123,
        "fields": {
            "semester": "202501",
            "user": 42,
            "project": 11,
            "credits": 4,
            "is_project_lead": false,
            "updated_at": "2025-12-29T02:30:00+0000",
            "created_at": "2025-12-29T02:30:00+0000"
        }
    },
    {
        "model": "portal.Enrollment",
        "pk": 124,
        "fields": {
            "semester": "202601",
            "user": 43,
            "project": 19,
            "credits": 1,
            "is_project_lead": true,
            "updated_at": "2025-12-29T02:30:00+0000",
            "created_at": "2025-12-29T02:30:00+0000"
        }
    },
    {
        "model": "portal.Enrollment",
        "pk": 125,
        "fields": {
            "semester": "202508",
            "user": 43,
            "project": 22,
            "credits": 3,
            "is_project_lead": true,
            "updated_at": "2025-12-29T02:30:00+0000",
            "created_at": "2025-12-29T02:30:00+0000"
        }
    },
    {
        "model": "portal.Enrollment",
        "pk": 126,
        "fields": {
            "semester": "202501",
            "user": 43,
            "project": 23,
            "credits": 3,
            "is_project_lead": false,
            "updated_at": "2025-12-29T02:30:00+0000",
            "created_at": "2025-12-29T02:30:00+0000"
        }
    },
    {
        "model": "portal.Enrollment",
        "pk": 127,
        "fields": {
            "semester": "202601",
            "user": 44,
            "project": 7,
            "credits": 0,
            "is_project_lead": true,
            "updated_at": "2025-12-29T02:30:00+0000",
            "created_at": "2025-12-29T02:30:00+0000"
        }
    },
    {
        "model": "portal.Enrollment",
        "pk": 128,
        "fields": {
            "semester": "202508",
            "user": 44,
            "project": 16,
            "credits": 4,
            "is_project_lead": false,
            "updated_at": "2025-12-29T02:30:00+0000",
            "created_at": "2025-12-29T02:30:00+0000"
        }
    },
    {
        "model": "portal.Enrollment",
        "pk": 129,
        "fields": {
            "semester": "202501",
            "user": 44,
            "project": 2,
            "credits": 1,
            "is_project_lead": true,
            "updated_at": "2025-12-29T02:30:00+0000",
            "created_at": "2025-12-29T02:30:00+0000"
        }
    },
    {
        "model": "portal.Enrollment",
        "pk": 130,
        "fields": {
            "semester": "202601",
            "user": 45,
            "project": 11,
            "credits": 4,
            "is_project_lead": true,
            "updated_at": "2025-12-29T02:30:00+0000",
            "created_at": "2025-12-29T02:30:00+0000"
        }
    },
    {
        "model": "portal.Enrollment",
        "pk": 131,
        "fields": {
            "semester": "202508",
            "user": 45,
            "project": 1,
            "credits": 1,
            "is_project_lead": false,
            "updated_at": "2025-12-29T02:30:00+0000",
            "created_at": "2025-12-29T02:30:00+0000"
        }
    },
    {
        "model": "portal.Enrollment",
        "pk": 132,
        "fields": {
            "semester": "202501",
            "user": 45,
            "project": 7,
            "credits": 4,
            "is_project_lead": false,
            "updated_at": "2025-12-29T02:30:00+0000",
            "created_at": "2025-12-29T02:30:00+0000"
        }
    },
    {
        "model": "portal.Enrollment",
        "pk": 133,
        "fields": {
            "semester": "202601",
            "user": 46,
            "project": 20,
            "credits": 0,
            "is_project_lead": false,
            "updated_at": "2025-12-29T02:30:00+0000",
            "created_at": "2025-12-29T02:30:00+0000"
        }
    },
    {
        "model": "portal.Enrollment",
        "pk": 134,
        "fields": {
            "semester": "202508",
            "user": 46,
            "project": 2,
            "credits": 3,
            "is_project_lead": false,
            "updated_at": "2025-12-29T02:30:00+0000",
            "created_at": "2025-12-29T02:30:00+0000"
        }
    },
    {
        "model": "portal.Enrollment",
        "pk": 135,
        "fields": {
            "semester": "202501",
            "user": 46,
            "project": 18,
            "credits": 1,
            "is_project_lead": false,
            "updated_at": "2025-12-29T02:30:00+0000",
            "created_at": "2025-12-29T02:30:00+0000"
        }
    },
    {
        "model": "portal.Enrollment",
        "pk": 136,
        "fields": {
            "semester": "202601",
            "user": 47,
            "project": 4,
            "credits": 1,
            "is_project_lead": false,
            "updated_at": "2025-12-29T02:30:00+0000",
            "created_at": "2025-12-29T02:30:00+0000"
        }
    },
    {
        "model": "portal.Enrollment",
        "pk": 137,
        "fields": {
            "semester": "202508",
            "user": 47,
            "project": 23,
            "credits": 0,
            "is_project_lead": false,
            "updated_at": "2025-12-29T02:30:00+0000",
            "created_at": "2025-12-29T02:30:00+0000"
        }
    },
    {
        "model": "portal.Enrollment",
        "pk": 138,
        "fields": {
            "semester": "202501",
            "user": 47,
            "project": 6,
            "credits": 3,
            "is_project_lead": false,
            "updated_at": "2025-12-29T02:30:00+0000",
            "created_at": "2025-12-29T02:30:00+0000"
        }
    },
    {
        "model": "portal.Enrollment",
        "pk": 139,
        "fields": {
            "semester": "202601",
            "user": 48,
            "project": 0,
            "credits": 0,
            "is_project_lead": true,
            "updated_at": "2025-12-29T02:30:00+0000",
            "created_at": "2025-12-29T02:30:00+0000"
        }
    },
    {
        "model": "portal.Enrollment",
        "pk": 140,
        "fields": {
            "semester": "202508",
            "user": 48,
            "project": 28,
            "credits": 2,
            "is_project_lead": true,
            "updated_at": "2025-12-29T02:30:00+0000",
            "created_at": "2025-12-29T02:30:00+0000"
        }
    },
    {
        "model": "portal.Enrollment",
        "pk": 141,
        "fields": {
            "semester": "202501",
            "user": 48,
            "project": 13,
            "credits": 0,
            "is_project_lead": true,
            "updated_at": "2025-12-29T02:30:00+0000",
            "created_at": "2025-12-29T02:30:00+0000"
        }
    },
    {
        "model": "portal.Enrollment",
        "pk": 142,
        "fields": {
            "semester": "202601",
            "user": 49,
            "project": 4,
            "credits": 1,
            "is_project_lead": false,
            "updated_at": "2025-12-29T02:30:00+0000",
            "created_at": "2025-12-29T02:30:00+0000"
        }
    },
    {
        "model": "portal.Enrollment",
        "pk": 143,
        "fields": {
            "semester": "202508",
            "user": 49,
            "project": 14,
            "credits": 3,
            "is_project_lead": false,
            "updated_at": "2025-12-29T02:30:00+0000",
            "created_at": "2025-12-29T02:30:00+0000"
        }
    },
    {
        "model": "portal.Enrollment",
        "pk": 144,
        "fields": {
            "semester": "202501",
            "user": 49,
            "project": 18,
            "credits": 2,
            "is_project_lead": true,
            "updated_at": "2025-12-29T02:30:00+0000",
            "created_at": "2025-12-29T02:30:00+0000"
        }
    }
]
