[
    {
        "model": "portal.Semester",
        "pk": "202201",
        "fields": {
            "name": "202201",
            "start_date": "2023-12-29",
            "end_date": "2024-12-29",
            "updated_at": "2022-12-29",
            "created_at": "2022-12-29"
        }
    },
    {
        "model": "portal.Semester",
        "pk": "202208",
        "fields": {
            "name": "202208",
            "start_date": "2023-12-29",
            "end_date": "2024-12-29",
            "updated_at": "2022-12-29",
            "created_at": "2022-12-29"
        }
    },
    {
        "model": "portal.Semester",
        "pk": "202301",
        "fields": {
            "name": "202301",
            "start_date": "2023-12-29",
            "end_date": "2024-12-29",
            "updated_at": "2022-12-29",
            "created_at": "2022-12-29"
        }
    },
    {
        "model": "portal.ProjectTag",
        "pk": 0,
        "fields": {
            "name": "javascript",
            "updated_at": "2022-12-29T02:30:00+0000",
            "created_at": "2022-12-29T02:30:00+0000"
        }
    },
    {
        "model": "portal.ProjectTag",
        "pk": 1,
        "fields": {
            "name": "typescript",
            "updated_at": "2022-12-29T02:30:00+0000",
            "created_at": "2022-12-29T02:30:00+0000"
        }
    },
    {
        "model": "portal.ProjectTag",
        "pk": 2,
        "fields": {
            "name": "python",
            "updated_at": "2022-12-29T02:30:00+0000",
            "created_at": "2022-12-29T02:30:00+0000"
        }
    },
    {
        "model": "portal.ProjectTag",
        "pk": 3,
        "fields": {
            "name": "html",
            "updated_at": "2022-12-29T02:30:00+0000",
            "created_at": "2022-12-29T02:30:00+0000"
        }
    },
    {
        "model": "portal.ProjectTag",
        "pk": 4,
        "fields": {
            "name": "css",
            "updated_at": "2022-12-29T02:30:00+0000",
            "created_at": "2022-12-29T02:30:00+0000"
        }
    },
    {
        "model": "portal.ProjectTag",
        "pk": 5,
        "fields": {
            "name": "c",
            "updated_at": "2022-12-29T02:30:00+0000",
            "created_at": "2022-12-29T02:30:00+0000"
        }
    },
    {
        "model": "portal.ProjectTag",
        "pk": 6,
        "fields": {
            "name": "c++",
            "updated_at": "2022-12-29T02:30:00+0000",
            "created_at": "2022-12-29T02:30:00+0000"
        }
    },
    {
        "model": "portal.ProjectTag",
        "pk": 7,
        "fields": {
            "name": "rust",
            "updated_at": "2022-12-29T02:30:00+0000",
            "created_at": "2022-12-29T02:30:00+0000"
        }
    },
    {
        "model": "portal.ProjectTag",
        "pk": 8,
        "fields": {
            "name": "c#",
            "updated_at": "2022-12-29T02:30:00+0000",
            "created_at": "2022-12-29T02:30:00+0000"
        }
    },
    {
        "model": "portal.ProjectTag",
        "pk": 9,
        "fields": {
            "name": "php",
            "updated_at": "2022-12-29T02:30:00+0000",
            "created_at": "2022-12-29T02:30:00+0000"
        }
    },
    {
        "model": "portal.ProjectTag",
        "pk": 10,
        "fields": {
            "name": "swift",
            "updated_at": "2022-12-29T02:30:00+0000",
            "created_at": "2022-12-29T02:30:00+0000"
        }
    },
    {
        "model": "portal.ProjectTag",
        "pk": 11,
        "fields": {
            "name": "r",
            "updated_at": "2022-12-29T02:30:00+0000",
            "created_at": "2022-12-29T02:30:00+0000"
        }
    },
    {
        "model": "portal.ProjectTag",
        "pk": 12,
        "fields": {
            "name": "golang",
            "updated_at": "2022-12-29T02:30:00+0000",
            "created_at": "2022-12-29T02:30:00+0000"
        }
    },
    {
        "model": "portal.ProjectTag",
        "pk": 13,
        "fields": {
            "name": "ruby",
            "updated_at": "2022-12-29T02:30:00+0000",
            "created_at": "2022-12-29T02:30:00+0000"
        }
    },
    {
        "model": "portal.ProjectTag",
        "pk": 14,
        "fields": {
            "name": "sql",
            "updated_at": "2022-12-29T02:30:00+0000",
            "created_at": "2022-12-29T02:30:00+0000"
        }
    },
    {
        "model": "portal.ProjectTag",
        "pk": 15,
        "fields": {
            "name": "kotlin",
            "updated_at": "2022-12-29T02:30:00+0000",
            "created_at": "2022-12-29T02:30:00+0000"
        }
    },
    {
        "model": "portal.ProjectTag",
        "pk": 16,
        "fields": {
            "name": "hardware",
            "updated_at": "2022-12-29T02:30:00+0000",
            "created_at": "2022-12-29T02:30:00+0000"
        }
    },
    {
        "model": "portal.User",
        "pk": 2,
        "fields": {
            "email": "student2@rpi.edu",
            "first_name": "Alicia",
            "last_name": "Olson",
            "is_approved": true,
            "role": "rpi",
            "rcs_id": "student2",
            "graduation_year": 2025,
            "updated_at": "2022-12-29T02:30:00+0000",
            "created_at": "2022-12-29T02:30:00+0000"
        }
    },
    {
        "model": "portal.User",
        "pk": 3,
        "fields": {
            "email": "student3@rpi.edu",
            "first_name": "Phillip",
            "last_name": "Sanchez",
            "is_approved": true,
            "role": "rpi",
            "rcs_id": "student3",
            "graduation_year": 2022,
            "updated_at": "2022-12-29T02:30:00+0000",
            "created_at": "2022-12-29T02:30:00+0000"
        }
    },
    {
        "model": "portal.User",
        "pk": 4,
        "fields": {
            "email": "student4@rpi.edu",
            "first_name": "Isaac",
            "last_name": "Walters",
            "is_approved": true,
            "role": "rpi",
            "rcs_id": "student4",
            "graduation_year": 2022,
            "updated_at": "2022-12-29T02:30:00+0000",
            "created_at": "2022-12-29T02:30:00+0000"
        }
    },
    {
        "model": "portal.User",
        "pk": 5,
        "fields": {
            "email": "student5@rpi.edu",
            "first_name": "Catherine",
            "last_name": "Jensen",
            "is_approved": true,
            "role": "rpi",
            "rcs_id": "student5",
            "graduation_year": 2022,
            "updated_at": "2022-12-29T02:30:00+0000",
            "created_at": "2022-12-29T02:30:00+0000"
        }
    },
    {
        "model": "portal.User",
        "pk": 6,
        "fields": {
            "email": "student6@rpi.edu",
            "first_name": "Brian",
            "last_name": "Gonzalez",
            "is_approved": true,
            "role": "rpi",
            "rcs_id": "student6",
            "graduation_year": 2024,
            "updated_at": "2022-12-29T02:30:00+0000",
            "created_at": "2022-12-29T02:30:00+0000"
        }
    },
    {
        "model": "portal.User",
        "pk": 7,
        "fields": {
            "email": "student7@rpi.edu",
            "first_name": "Cody",
            "last_name": "Torres",
            "is_approved": true,
            "role": "rpi",
            "rcs_id": "student7",
            "graduation_year": 2025,
            "updated_at": "2022-12-29T02:30:00+0000",
            "created_at": "2022-12-29T02:30:00+0000"
        }
    },
    {
        "model": "portal.User",
        "pk": 8,
        "fields": {
            "email": "student8@rpi.edu",
            "first_name": "Maria",
            "last_name": "Carr",
            "is_approved": true,
            "role": "rpi",
            "rcs_id": "student8",
            "graduation_year": 2025,
            "updated_at": "2022-12-29T02:30:00+0000",
            "created_at": "2022-12-29T02:30:00+0000"
        }
    },
    {
        "model": "portal.User",
        "pk": 9,
        "fields": {
            "email": "student9@rpi.edu",
            "first_name": "Michael",
            "last_name": "Davis",
            "is_approved": true,
            "role": "rpi",
            "rcs_id": "student9",
            "graduation_year": 2025,
            "updated_at": "2022-12-29T02:30:00+0000",
            "created_at": "2022-12-29T02:30:00+0000"
        }
    },
    {
        "model": "portal.User",
        "pk": 10,
        "fields": {
            "email": "student10@rpi.edu",
            "first_name": "Christopher",
            "last_name": "Weaver",
            "is_approved": true,
            "role": "rpi",
            "rcs_id": "student10",
            "graduation_year": 2025,
            "updated_at": "2022-12-29T02:30:00+0000",
            "created_at": "2022-12-29T02:30:00+0000"
        }
    },
    {
        "model": "portal.User",
        "pk": 11,
        "fields": {
            "email": "student11@rpi.edu",
            "first_name": "Jon",
            "last_name": "Greene",
            "is_approved": true,
            "role": "rpi",
            "rcs_id": "student11",
            "graduation_year": 2024,
            "updated_at": "2022-12-29T02:30:00+0000",
            "created_at": "2022-12-29T02:30:00+0000"
        }
    },
    {
        "model": "portal.User",
        "pk": 12,
        "fields": {
            "email": "student12@rpi.edu",
            "first_name": "Brian",
            "last_name": "Ingram",
            "is_approved": true,
            "role": "rpi",
            "rcs_id": "student12",
            "graduation_year": 2025,
            "updated_at": "2022-12-29T02:30:00+0000",
            "created_at": "2022-12-29T02:30:00+0000"
        }
    },
    {
        "model": "portal.User",
        "pk": 13,
        "fields": {
            "email": "student13@rpi.edu",
            "first_name": "Cody",
            "last_name": "Martinez",
            "is_approved": false,
            "role": "rpi",
            "rcs_id": "student13",
            "graduation_year": 2022,
            "updated_at": "2022-12-29T02:30:00+0000",
            "created_at": "2022-12-29T02:30:00+0000"
        }
    },
    {
        "model": "portal.User",
        "pk": 14,
        "fields": {
            "email": "student14@rpi.edu",
            "first_name": "Helen",
            "last_name": "Hernandez",
            "is_approved": true,
            "role": "rpi",
            "rcs_id": "student14",
            "graduation_year": 2023,
            "updated_at": "2022-12-29T02:30:00+0000",
            "created_at": "2022-12-29T02:30:00+0000"
        }
    },
    {
        "model": "portal.User",
        "pk": 15,
        "fields": {
            "email": "student15@rpi.edu",
            "first_name": "Clinton",
            "last_name": "Medina",
            "is_approved": true,
            "role": "rpi",
            "rcs_id": "student15",
            "graduation_year": 2022,
            "updated_at": "2022-12-29T02:30:00+0000",
            "created_at": "2022-12-29T02:30:00+0000"
        }
    },
    {
        "model": "portal.User",
        "pk": 16,
        "fields": {
            "email": "student16@rpi.edu",
            "first_name": "Angela",
            "last_name": "Villarreal",
            "is_approved": true,
            "role": "rpi",
            "rcs_id": "student16",
            "graduation_year": 2024,
            "updated_at": "2022-12-29T02:30:00+0000",
            "created_at": "2022-12-29T02:30:00+0000"
        }
    },
    {
        "model": "portal.User",
        "pk": 17,
        "fields": {
            "email": "student17@rpi.edu",
            "first_name": "Ronald",
            "last_name": "Cruz",
            "is_approved": true,
            "role": "rpi",
            "rcs_id": "student17",
            "graduation_year": 2022,
            "updated_at": "2022-12-29T02:30:00+0000",
            "created_at": "2022-12-29T02:30:00+0000"
        }
    },
    {
        "model": "portal.User",
        "pk": 18,
        "fields": {
            "email": "student18@rpi.edu",
            "first_name": "Richard",
            "last_name": "Garcia",
            "is_approved": true,
            "role": "rpi",
            "rcs_id": "student18",
            "graduation_year": 2024,
            "updated_at": "2022-12-29T02:30:00+0000",
            "created_at": "2022-12-29T02:30:00+0000"
        }
    },
    {
        "model": "portal.User",
        "pk": 19,
        "fields": {
            "email": "student19@rpi.edu",
            "first_name": "Richard",
            "last_name": "Stephenson",
            "is_approved": true,
            "role": "rpi",
            "rcs_id": "student19",
            "graduation_year": 2022,
            "updated_at": "2022-12-29T02:30:00+0000",
            "created_at": "2022-12-29T02:30:00+0000"
        }
    },
    {
        "model": "portal.User",
        "pk": 20,
        "fields": {
            "email": "student20@rpi.edu",
            "first_name": "Joseph",
            "last_name": "Mcintyre",
            "is_approved": true,
            "role": "rpi",
            "rcs_id": "student20",
            "graduation_year": 2025,
            "updated_at": "2022-12-29T02:30:00+0000",
            "created_at": "2022-12-29T02:30:00+0000"
        }
    },
    {
        "model": "portal.User",
        "pk": 21,
        "fields": {
            "email": "student21@rpi.edu",
            "first_name": "Sheryl",
            "last_name": "Andrade",
            "is_approved": true,
            "role": "rpi",
            "rcs_id": "student21",
            "graduation_year": 2023,
            "updated_at": "2022-12-29T02:30:00+0000",
            "created_at": "2022-12-29T02:30:00+0000"
        }
    },
    {
        "model": "portal.User",
        "pk": 22,
        "fields": {
            "email": "student22@rpi.edu",
            "first_name": "Matthew",
            "last_name": "Thomas",
            "is_approved": true,
            "role": "rpi",
            "rcs_id": "student22",
            "graduation_year": 2023,
            "updated_at": "2022-12-29T02:30:00+0000",
            "created_at": "2022-12-29T02:30:00+0000"
        }
    },
    {
        "model": "portal.User",
        "pk": 23,
        "fields": {
            "email": "student23@rpi.edu",
            "first_name": "Rebecca",
            "last_name": "Sweeney",
            "is_approved": true,
            "role": "rpi",
            "rcs_id": "student23",
            "graduation_year": 2024,
            "updated_at": "2022-12-29T02:30:00+0000",
            "created_at": "2022-12-29T02:30:00+0000"
        }
    },
    {
        "model": "portal.User",
        "pk": 24,
        "fields": {
            "email": "student24@rpi.edu",
            "first_name": "Melissa",
            "last_name": "Johnson",
            "is_approved": true,
            "role": "rpi",
            "rcs_id": "student24",
            "graduation_year": 2023,
            "updated_at": "2022-12-29T02:30:00+0000",
            "created_at": "2022-12-29T02:30:00+0000"
        }
    },
    {
        "model": "portal.User",
        "pk": 25,
        "fields": {
            "email": "student25@rpi.edu",
            "first_name": "Melissa",
            "last_name": "Perkins",
            "is_approved": false,
            "role": "rpi",
            "rcs_id": "student25",
            "graduation_year": 2025,
            "updated_at": "2022-12-29T02:30:00+0000",
            "created_at": "2022-12-29T02:30:00+0000"
        }
    },
    {
        "model": "portal.User",
        "pk": 26,
        "fields": {
            "email": "student26@rpi.edu",
            "first_name": "Katherine",
            "last_name": "Alvarez",
            "is_approved": true,
            "role": "rpi",
            "rcs_id": "student26",
            "graduation_year": 2022,
            "updated_at": "2022-12-29T02:30:00+0000",
            "created_at": "2022-12-29T02:30:00+0000"
        }
    },
    {
        "model": "portal.User",
        "pk": 27,
        "fields": {
            "email": "student27@rpi.edu",
            "first_name": "Debra",
            "last_name": "Thomas",
            "is_approved": true,
            "role": "rpi",
            "rcs_id": "student27",
            "graduation_year": 2024,
            "updated_at": "2022-12-29T02:30:00+0000",
            "created_at": "2022-12-29T02:30:00+0000"
        }
    },
    {
        "model": "portal.User",
        "pk": 28,
        "fields": {
            "email": "student28@rpi.edu",
            "first_name": "Melissa",
            "last_name": "Molina",
            "is_approved": true,
            "role": "rpi",
            "rcs_id": "student28",
            "graduation_year": 2025,
            "updated_at": "2022-12-29T02:30:00+0000",
            "created_at": "2022-12-29T02:30:00+0000"
        }
    },
    {
        "model": "portal.User",
        "pk": 29,
        "fields": {
            "email": "student29@rpi.edu",
            "first_name": "Chase",
            "last_name": "Ford",
            "is_approved": true,
            "role": "rpi",
            "rcs_id": "student29",
            "graduation_year": 2022,
            "updated_at": "2022-12-29T02:30:00+0000",
            "created_at": "2022-12-29T02:30:00+0000"
        }
    },
    {
        "model": "portal.User",
        "pk": 30,
        "fields": {
            "email": "student30@rpi.edu",
            "first_name": "Amber",
            "last_name": "Gonzalez",
            "is_approved": true,
            "role": "rpi",
            "rcs_id": "student30",
            "graduation_year": 2025,
            "updated_at": "2022-12-29T02:30:00+0000",
            "created_at": "2022-12-29T02:30:00+0000"
        }
    },
    {
        "model": "portal.User",
        "pk": 31,
        "fields": {
            "email": "student31@rpi.edu",
            "first_name": "David",
            "last_name": "Howell",
            "is_approved": true,
            "role": "rpi",
            "rcs_id": "student31",
            "graduation_year": 2023,
            "updated_at": "2022-12-29T02:30:00+0000",
            "created_at": "2022-12-29T02:30:00+0000"
        }
    },
    {
        "model": "portal.User",
        "pk": 32,
        "fields": {
            "email": "student32@rpi.edu",
            "first_name": "Christine",
            "last_name": "Olsen",
            "is_approved": true,
            "role": "rpi",
            "rcs_id": "student32",
            "graduation_year": 2025,
            "updated_at": "2022-12-29T02:30:00+0000",
            "created_at": "2022-12-29T02:30:00+0000"
        }
    },
    {
        "model": "portal.User",
        "pk": 33,
        "fields": {
            "email": "student33@rpi.edu",
            "first_name": "Laura",
            "last_name": "Hernandez",
            "is_approved": true,
            "role": "rpi",
            "rcs_id": "student33",
            "graduation_year": 2022,
            "updated_at": "2022-12-29T02:30:00+0000",
            "created_at": "2022-12-29T02:30:00+0000"
        }
    },
    {
        "model": "portal.User",
        "pk": 34,
        "fields": {
            "email": "student34@rpi.edu",
            "first_name": "Mark",
            "last_name": "Boyle",
            "is_approved": true,
            "role": "rpi",
            "rcs_id": "student34",
            "graduation_year": 2022,
            "updated_at": "2022-12-29T02:30:00+0000",
            "created_at": "2022-12-29T02:30:00+0000"
        }
    },
    {
        "model": "portal.User",
        "pk": 35,
        "fields": {
            "email": "student35@rpi.edu",
            "first_name": "Jackie",
            "last_name": "Wright",
            "is_approved": true,
            "role": "rpi",
            "rcs_id": "student35",
            "graduation_year": 2023,
            "updated_at": "2022-12-29T02:30:00+0000",
            "created_at": "2022-12-29T02:30:00+0000"
        }
    },
    {
        "model": "portal.User",
        "pk": 36,
        "fields": {
            "email": "student36@rpi.edu",
            "first_name": "Kristen",
            "last_name": "Hernandez",
            "is_approved": true,
            "role": "rpi",
            "rcs_id": "student36",
            "graduation_year": 2023,
            "updated_at": "2022-12-29T02:30:00+0000",
            "created_at": "2022-12-29T02:30:00+0000"
        }
    },
    {
        "model": "portal.User",
        "pk": 37,
        "fields": {
            "email": "student37@rpi.edu",
            "first_name": "Travis",
            "last_name": "Mccarthy",
            "is_approved": true,
            "role": "rpi",
            "rcs_id": "student37",
            "graduation_year": 2024,
            "updated_at": "2022-12-29T02:30:00+0000",
            "created_at": "2022-12-29T02:30:00+0000"
        }
    },
    {
        "model": "portal.User",
        "pk": 38,
        "fields": {
            "email": "student38@rpi.edu",
            "first_name": "Tracy",
            "last_name": "Johnston",
            "is_approved": false,
            "role": "rpi",
            "rcs_id": "student38",
            "graduation_year": 2023,
            "updated_at": "2022-12-29T02:30:00+0000",
            "created_at": "2022-12-29T02:30:00+0000"
        }
    },
    {
        "model": "portal.User",
        "pk": 39,
        "fields": {
            "email": "student39@rpi.edu",
            "first_name": "Jeff",
            "last_name": "Kane",
            "is_approved": true,
            "role": "rpi",
            "rcs_id": "student39",
            "graduation_year": 2025,
            "updated_at": "2022-12-29T02:30:00+0000",
            "created_at": "2022-12-29T02:30:00+0000"
        }
    },
    {
        "model": "portal.User",
        "pk": 40,
        "fields": {
            "email": "student40@rpi.edu",
            "first_name": "Hector",
            "last_name": "Webb",
            "is_approved": true,
            "role": "rpi",
            "rcs_id": "student40",
            "graduation_year": 2023,
            "updated_at": "2022-12-29T02:30:00+0000",
            "created_at": "2022-12-29T02:30:00+0000"
        }
    },
    {
        "model": "portal.User",
        "pk": 41,
        "fields": {
            "email": "student41@rpi.edu",
            "first_name": "Michael",
            "last_name": "Bailey",
            "is_approved": true,
            "role": "rpi",
            "rcs_id": "student41",
            "graduation_year": 2024,
            "updated_at": "2022-12-29T02:30:00+0000",
            "created_at": "2022-12-29T02:30:00+0000"
        }
    },
    {
        "model": "portal.User",
        "pk": 42,
        "fields": {
            "email": "student42@rpi.edu",
            "first_name": "Matthew",
            "last_name": "Evans",
            "is_approved": true,
            "role": "rpi",
            "rcs_id": "student42",
            "graduation_year": 2024,
            "updated_at": "2022-12-29T02:30:00+0000",
            "created_at": "2022-12-29T02:30:00+0000"
        }
    },
    {
        "model": "portal.User",
        "pk": 43,
        "fields": {
            "email": "student43@rpi.edu",
            "first_name": "James",
            "last_name": "Jackson",
            "is_approved": true,
            "role": "rpi",
            "rcs_id": "student43",
            "graduation_year": 2023,
            "updated_at": "2022-12-29T02:30:00+0000",
            "created_at": "2022-12-29T02:30:00+0000"
        }
    },
    {
        "model": "portal.User",
        "pk": 44,
        "fields": {
            "email": "student44@rpi.edu",
            "first_name": "William",
            "last_name": "Mclaughlin",
            "is_approved": true,
            "role": "rpi",
            "rcs_id": "student44",
            "graduation_year": 2024,
            "updated_at": "2022-12-29T02:30:00+0000",
            "created_at": "2022-12-29T02:30:00+0000"
        }
    },
    {
        "model": "portal.User",
        "pk": 45,
        "fields": {
            "email": "student45@rpi.edu",
            "first_name": "Jason",
            "last_name": "Davis",
            "is_approved": true,
            "role": "rpi",
            "rcs_id": "student45",
            "graduation_year": 2024,
            "updated_at": "2022-12-29T02:30:00+0000",
            "created_at": "2022-12-29T02:30:00+0000"
        }
    },
    {
        "model": "portal.User",
        "pk": 46,
        "fields": {
            "email": "student46@rpi.edu",
            "first_name": "Brittany",
            "last_name": "Young",
            "is_approved": true,
            "role": "rpi",
            "rcs_id": "student46",
            "graduation_year": 2024,
            "updated_at": "2022-12-29T02:30:00+0000",
            "created_at": "2022-12-29T02:30:00+0000"
        }
    },
    {
        "model": "portal.User",
        "pk": 47,
        "fields": {
            "email": "student47@rpi.edu",
            "first_name": "Jonathan",
            "last_name": "Johnson",
            "is_approved": true,
            "role": "rpi",
            "rcs_id": "student47",
            "graduation_year": 2023,
            "updated_at": "2022-12-29T02:30:00+0000",
            "created_at": "2022-12-29T02:30:00+0000"
        }
    },
    {
        "model": "portal.User",
        "pk": 48,
        "fields": {
            "email": "student48@rpi.edu",
            "first_name": "Jennifer",
            "last_name": "Phillips",
            "is_approved": true,
            "role": "rpi",
            "rcs_id": "student48",
            "graduation_year": 2023,
            "updated_at": "2022-12-29T02:30:00+0000",
            "created_at": "2022-12-29T02:30:00+0000"
        }
    },
    {
        "model": "portal.User",
        "pk": 49,
        "fields": {
            "email": "student49@rpi.edu",
            "first_name": "Sarah",
            "last_name": "Harris",
            "is_approved": true,
            "role": "rpi",
            "rcs_id": "student49",
            "graduation_year": 2025,
            "updated_at": "2022-12-29T02:30:00+0000",
            "created_at": "2022-12-29T02:30:00+0000"
        }
    },
    {
        "model": "portal.Project",
        "pk": 0,
        "fields": {
            "name": "Dark Project",
            "slug": "dark-project",
            "owner": 41,
            "is_approved": true,
            "description": "Protect feel yard prevent need be.",
            "updated_at": "2022-12-29T02:30:00+0000",
            "created_at": "2022-12-29T02:30:00+0000"
        }
    },
    {
        "model": "portal.Project",
        "pk": 1,
        "fields": {
            "name": "Most Project",
            "slug": "most-project",
            "owner": 27,
            "is_approved": true,
            "description": "Early policy perform she.",
            "updated_at": "2022-12-29T02:30:00+0000",
            "created_at": "2022-12-29T02:30:00+0000"
        }
    },
    {
        "model": "portal.Project",
        "pk": 2,
        "fields": {
            "name": "Cultural Project",
            "slug": "cultural-project",
            "owner": 11,
            "is_approved": true,
            "description": "Quite would sea later structure show sign.",
            "updated_at": "2022-12-29T02:30:00+0000",
            "created_at": "2022-12-29T02:30:00+0000"
        }
    },
    {
        "model": "portal.Project",
        "pk": 3,
        "fields": {
            "name": "Regular Project",
            "slug": "regular-project",
            "owner": 37,
            "is_approved": true,
            "description": "List hear race event somebody.",
            "updated_at": "2022-12-29T02:30:00+0000",
            "created_at": "2022-12-29T02:30:00+0000"
        }
    },
    {
        "model": "portal.Project",
        "pk": 4,
        "fields": {
            "name": "Fit Project",
            "slug": "fit-project",
            "owner": 12,
            "is_approved": true,
            "description": "Prevent draw there maybe question have.",
            "updated_at": "2022-12-29T02:30:00+0000",
            "created_at": "2022-12-29T02:30:00+0000"
        }
    },
    {
        "model": "portal.Project",
        "pk": 5,
        "fields": {
            "name": "Straight Project",
            "slug": "straight-project",
            "owner": 35,
            "is_approved": false,
            "description": "Drive president require huge hotel.",
            "updated_at": "2022-12-29T02:30:00+0000",
            "created_at": "2022-12-29T02:30:00+0000"
        }
    },
    {
        "model": "portal.Project",
        "pk": 6,
        "fields": {
            "name": "Available Project",
            "slug": "available-project",
            "owner": 11,
            "is_approved": true,
            "description": "Already concern entire likely quite big poor.",
            "updated_at": "2022-12-29T02:30:00+0000",
            "created_at": "2022-12-29T02:30:00+0000"
        }
    },
    {
        "model": "portal.Project",
        "pk": 7,
        "fields": {
            "name": "Civil Project",
            "slug": "civil-project",
            "owner": 9,
            "is_approved": true,
            "description": "Return if record note discover simply base.",
            "updated_at": "2022-12-29T02:30:00+0000",
            "created_at": "2022-12-29T02:30:00+0000"
        }
    },
    {
        "model": "portal.Project",
        "pk": 8,
        "fields": {
            "name": "Leading Project",
            "slug": "leading-project",
            "owner": 47,
            "is_approved": true,
            "description": "Moment story with call Democrat compare all.",
            "updated_at": "2022-12-29T02:30:00+0000",
            "created_at": "2022-12-29T02:30:00+0000"
        }
    },
    {
        "model": "portal.Project",
        "pk": 9,
        "fields": {
            "name": "Junior Project",
            "slug": "junior-project",
            "owner": 42,
            "is_approved": false,
            "description": "Indeed war hear money guy tough official.",
            "updated_at": "2022-12-29T02:30:00+0000",
            "created_at": "2022-12-29T02:30:00+0000"
        }
    },
    {
        "model": "portal.Project",
        "pk": 10,
        "fields": {
            "name": "Accurate Project",
            "slug": "accurate-project",
            "owner": 28,
            "is_approved": true,
            "description": "Draw short none most.",
            "updated_at": "2022-12-29T02:30:00+0000",
            "created_at": "2022-12-29T02:30:00+0000"
        }
    },
    {
        "model": "portal.Project",
        "pk": 11,
        "fields": {
            "name": "Chemical Project",
            "slug": "chemical-project",
            "owner": 4,
            "is_approved": false,
            "description": "Power himself space view dark.",
            "updated_at": "2022-12-29T02:30:00+0000",
            "created_at": "2022-12-29T02:30:00+0000"
        }
    },
    {
        "model": "portal.Project",
        "pk": 12,
        "fields": {
            "name": "Best Project",
            "slug": "best-project",
            "owner": 38,
            "is_approved": true,
            "description": "Begin need course side.",
            "updated_at": "2022-12-29T02:30:00+0000",
            "created_at": "2022-12-29T02:30:00+0000"
        }
    },
    {
        "model": "portal.Project",
        "pk": 13,
        "fields": {
            "name": "Additional Project",
            "slug": "additional-project",
            "owner": 28,
            "is_approved": true,
            "description": "Reflect rate budget five economic collection.",
            "updated_at": "2022-12-29T02:30:00+0000",
            "created_at": "2022-12-29T02:30:00+0000"
        }
    },
    {
        "model": "portal.Project",
        "pk": 14,
        "fields": {
            "name": "Loose Project",
            "slug": "loose-project",
            "owner": 44,
            "is_approved": true,
            "description": "Yard face guy most may me.",
            "updated_at": "2022-12-29T02:30:00+0000",
            "created_at": "2022-12-29T02:30:00+0000"
        }
    },
    {
        "model": "portal.Project",
        "pk": 15,
        "fields": {
            "name": "Pretty Project",
            "slug": "pretty-project",
            "owner": 38,
            "is_approved": false,
            "description": "Someone peace brother station.",
            "updated_at": "2022-12-29T02:30:00+0000",
            "created_at": "2022-12-29T02:30:00+0000"
        }
    },
    {
        "model": "portal.Project",
        "pk": 16,
        "fields": {
            "name": "Representative Project",
            "slug": "representative-project",
            "owner": 6,
            "is_approved": false,
            "description": "Collection he tell Mr.",
            "updated_at": "2022-12-29T02:30:00+0000",
            "created_at": "2022-12-29T02:30:00+0000"
        }
    },
    {
        "model": "portal.Project",
        "pk": 17,
        "fields": {
            "name": "Angry Project",
            "slug": "angry-project",
            "owner": 8,
            "is_approved": false,
            "description": "Could kind partner member least than.",
            "updated_at": "2022-12-29T02:30:00+0000",
            "created_at": "2022-12-29T02:30:00+0000"
        }
    },
    {
        "model": "portal.Project",
        "pk": 18,
        "fields": {
            "name": "Unable Project",
            "slug": "unable-project",
            "owner": 18,
            "is_approved": true,
            "description": "Two pattern may allow claim.",
            "updated_at": "2022-12-29T02:30:00+0000",
            "created_at": "2022-12-29T02:30:00+0000"
        }
    },
    {
        "model": "portal.Project",
        "pk": 19,
        "fields": {
            "name": "Clean Project",
            "slug": "clean-project",
            "owner": 28,
            "is_approved": true,
            "description": "Majority push reach ago commercial mind be difficult.",
            "updated_at": "2022-12-29T02:30:00+0000",
            "created_at": "2022-12-29T02:30:00+0000"
        }
    },
    {
        "model": "portal.Project",
        "pk": 20,
        "fields": {
            "name": "Right Project",
            "slug": "right-project",
            "owner": 11,
            "is_approved": true,
            "description": "Animal number media.",
            "updated_at": "2022-12-29T02:30:00+0000",
            "created_at": "2022-12-29T02:30:00+0000"
        }
    },
    {
        "model": "portal.Project",
        "pk": 21,
        "fields": {
            "name": "False Project",
            "slug": "false-project",
            "owner": 9,
            "is_approved": true,
            "description": "Plant as range mention paper north.",
            "updated_at": "2022-12-29T02:30:00+0000",
            "created_at": "2022-12-29T02:30:00+0000"
        }
    },
    {
        "model": "portal.Project",
        "pk": 22,
        "fields": {
            "name": "Broad Project",
            "slug": "broad-project",
            "owner": 27,
            "is_approved": true,
            "description": "Act north national happen.",
            "updated_at": "2022-12-29T02:30:00+0000",
            "created_at": "2022-12-29T02:30:00+0000"
        }
    },
    {
        "model": "portal.Project",
        "pk": 23,
        "fields": {
            "name": "Usual Project",
            "slug": "usual-project",
            "owner": 7,
            "is_approved": true,
            "description": "Nor size door can interview effect.",
            "updated_at": "2022-12-29T02:30:00+0000",
            "created_at": "2022-12-29T02:30:00+0000"
        }
    },
    {
        "model": "portal.Project",
        "pk": 24,
        "fields": {
            "name": "Unfair Project",
            "slug": "unfair-project",
            "owner": 49,
            "is_approved": true,
            "description": "Challenge story they.",
            "updated_at": "2022-12-29T02:30:00+0000",
            "created_at": "2022-12-29T02:30:00+0000"
        }
    },
    {
        "model": "portal.Project",
        "pk": 25,
        "fields": {
            "name": "Calm Project",
            "slug": "calm-project",
            "owner": 17,
            "is_approved": true,
            "description": "Face article statement son maybe foreign morning.",
            "updated_at": "2022-12-29T02:30:00+0000",
            "created_at": "2022-12-29T02:30:00+0000"
        }
    },
    {
        "model": "portal.Project",
        "pk": 26,
        "fields": {
            "name": "Tough Project",
            "slug": "tough-project",
            "owner": 36,
            "is_approved": true,
            "description": "Share relationship ready young wish evidence very.",
            "updated_at": "2022-12-29T02:30:00+0000",
            "created_at": "2022-12-29T02:30:00+0000"
        }
    },
    {
        "model": "portal.Project",
        "pk": 27,
        "fields": {
            "name": "Internal Project",
            "slug": "internal-project",
            "owner": 30,
            "is_approved": true,
            "description": "Send scene property present federal.",
            "updated_at": "2022-12-29T02:30:00+0000",
            "created_at": "2022-12-29T02:30:00+0000"
        }
    },
    {
        "model": "portal.Project",
        "pk": 28,
        "fields": {
            "name": "Federal Project",
            "slug": "federal-project",
            "owner": 35,
            "is_approved": true,
            "description": "Probably ability lose prevent your how.",
            "updated_at": "2022-12-29T02:30:00+0000",
            "created_at": "2022-12-29T02:30:00+0000"
        }
    },
    {
        "model": "portal.Project",
        "pk": 29,
        "fields": {
            "name": "Administrative Project",
            "slug": "administrative-project",
            "owner": 49,
            "is_approved": true,
            "description": "Wonder crime position fall official woman.",
            "updated_at": "2022-12-29T02:30:00+0000",
            "created_at": "2022-12-29T02:30:00+0000"
        }
    },
    {
        "model": "portal.Enrollment",
        "pk": 1,
        "fields": {
            "semester": "202301",
            "user": 2,
            "project": 13,
            "credits": 3,
            "is_project_lead": false,
            "updated_at": "2022-12-29T02:30:00+0000",
            "created_at": "2022-12-29T02:30:00+0000"
        }
    },
    {
        "model": "portal.Enrollment",
        "pk": 2,
        "fields": {
            "semester": "202208",
            "user": 2,
            "project": 28,
            "credits": 0,
            "is_project_lead": false,
            "updated_at": "2022-12-29T02:30:00+0000",
            "created_at": "2022-12-29T02:30:00+0000"
        }
    },
    {
        "model": "portal.Enrollment",
        "pk": 3,
        "fields": {
            "semester": "202201",
            "user": 2,
            "project": 6,
            "credits": 3,
            "is_project_lead": false,
            "updated_at": "2022-12-29T02:30:00+0000",
            "created_at": "2022-12-29T02:30:00+0000"
        }
    },
    {
        "model": "portal.Enrollment",
        "pk": 4,
        "fields": {
            "semester": "202301",
            "user": 3,
            "project": 0,
            "credits": 3,
            "is_project_lead": false,
            "updated_at": "2022-12-29T02:30:00+0000",
            "created_at": "2022-12-29T02:30:00+0000"
        }
    },
    {
        "model": "portal.Enrollment",
        "pk": 5,
        "fields": {
            "semester": "202208",
            "user": 3,
            "project": 9,
            "credits": 4,
            "is_project_lead": false,
            "updated_at": "2022-12-29T02:30:00+0000",
            "created_at": "2022-12-29T02:30:00+0000"
        }
    },
    {
        "model": "portal.Enrollment",
        "pk": 6,
        "fields": {
            "semester": "202201",
            "user": 3,
            "project": 24,
            "credits": 3,
            "is_project_lead": false,
            "updated_at": "2022-12-29T02:30:00+0000",
            "created_at": "2022-12-29T02:30:00+0000"
        }
    },
    {
        "model": "portal.Enrollment",
        "pk": 7,
        "fields": {
            "semester": "202301",
            "user": 4,
            "project": 6,
            "credits": 0,
            "is_project_lead": false,
            "updated_at": "2022-12-29T02:30:00+0000",
            "created_at": "2022-12-29T02:30:00+0000"
        }
    },
    {
        "model": "portal.Enrollment",
        "pk": 8,
        "fields": {
            "semester": "202208",
            "user": 4,
            "project": 12,
            "credits": 2,
            "is_project_lead": false,
            "updated_at": "2022-12-29T02:30:00+0000",
            "created_at": "2022-12-29T02:30:00+0000"
        }
    },
    {
        "model": "portal.Enrollment",
        "pk": 9,
        "fields": {
            "semester": "202201",
            "user": 4,
            "project": 14,
            "credits": 0,
            "is_project_lead": false,
            "updated_at": "2022-12-29T02:30:00+0000",
            "created_at": "2022-12-29T02:30:00+0000"
        }
    },
    {
        "model": "portal.Enrollment",
        "pk": 10,
        "fields": {
            "semester": "202301",
            "user": 5,
            "project": 6,
            "credits": 1,
            "is_project_lead": true,
            "updated_at": "2022-12-29T02:30:00+0000",
            "created_at": "2022-12-29T02:30:00+0000"
        }
    },
    {
        "model": "portal.Enrollment",
        "pk": 11,
        "fields": {
            "semester": "202208",
            "user": 5,
            "project": 18,
            "credits": 1,
            "is_project_lead": false,
            "updated_at": "2022-12-29T02:30:00+0000",
            "created_at": "2022-12-29T02:30:00+0000"
        }
    },
    {
        "model": "portal.Enrollment",
        "pk": 12,
        "fields": {
            "semester": "202201",
            "user": 5,
            "project": 11,
            "credits": 0,
            "is_project_lead": false,
            "updated_at": "2022-12-29T02:30:00+0000",
            "created_at": "2022-12-29T02:30:00+0000"
        }
    },
    {
        "model": "portal.Enrollment",
        "pk": 13,
        "fields": {
            "semester": "202301",
            "user": 6,
            "project": 8,
            "credits": 2,
            "is_project_lead": true,
            "updated_at": "2022-12-29T02:30:00+0000",
            "created_at": "2022-12-29T02:30:00+0000"
        }
    },
    {
        "model": "portal.Enrollment",
        "pk": 14,
        "fields": {
            "semester": "202208",
            "user": 6,
            "project": 9,
            "credits": 4,
            "is_project_lead": false,
            "updated_at": "2022-12-29T02:30:00+0000",
            "created_at": "2022-12-29T02:30:00+0000"
        }
    },
    {
        "model": "portal.Enrollment",
        "pk": 15,
        "fields": {
            "semester": "202201",
            "user": 6,
            "project": 24,
            "credits": 4,
            "is_project_lead": true,
            "updated_at": "2022-12-29T02:30:00+0000",
            "created_at": "2022-12-29T02:30:00+0000"
        }
    },
    {
        "model": "portal.Enrollment",
        "pk": 16,
        "fields": {
            "semester": "202301",
            "user": 7,
            "project": 4,
            "credits": 1,
            "is_project_lead": false,
            "updated_at": "2022-12-29T02:30:00+0000",
            "created_at": "2022-12-29T02:30:00+0000"
        }
    },
    {
        "model": "portal.Enrollment",
        "pk": 17,
        "fields": {
            "semester": "202208",
            "user": 7,
            "project": 5,
            "credits": 4,
            "is_project_lead": false,
            "updated_at": "2022-12-29T02:30:00+0000",
            "created_at": "2022-12-29T02:30:00+0000"
        }
    },
    {
        "model": "portal.Enrollment",
        "pk": 18,
        "fields": {
            "semester": "202201",
            "user": 7,
            "project": 27,
            "credits": 0,
            "is_project_lead": true,
            "updated_at": "2022-12-29T02:30:00+0000",
            "created_at": "2022-12-29T02:30:00+0000"
        }
    },
    {
        "model": "portal.Enrollment",
        "pk": 19,
        "fields": {
            "semester": "202301",
            "user": 8,
            "project": 8,
            "credits": 0,
            "is_project_lead": true,
            "updated_at": "2022-12-29T02:30:00+0000",
            "created_at": "2022-12-29T02:30:00+0000"
        }
    },
    {
        "model": "portal.Enrollment",
        "pk": 20,
        "fields": {
            "semester": "202208",
            "user": 8,
            "project": 1,
            "credits": 1,
            "is_project_lead": false,
            "updated_at": "2022-12-29T02:30:00+0000",
            "created_at": "2022-12-29T02:30:00+0000"
        }
    },
    {
        "model": "portal.Enrollment",
        "pk": 21,
        "fields": {
            "semester": "202201",
            "user": 8,
            "project": 6,
            "credits": 0,
            "is_project_lead": true,
            "updated_at": "2022-12-29T02:30:00+0000",
            "created_at": "2022-12-29T02:30:00+0000"
        }
    },
    {
        "model": "portal.Enrollment",
        "pk": 22,
        "fields": {
            "semester": "202301",
            "user": 9,
            "project": 17,
            "credits": 0,
            "is_project_lead": false,
            "updated_at": "2022-12-29T02:30:00+0000",
            "created_at": "2022-12-29T02:30:00+0000"
        }
    },
    {
        "model": "portal.Enrollment",
        "pk": 23,
        "fields": {
            "semester": "202208",
            "user": 9,
            "project": 15,
            "credits": 3,
            "is_project_lead": false,
            "updated_at": "2022-12-29T02:30:00+0000",
            "created_at": "2022-12-29T02:30:00+0000"
        }
    },
    {
        "model": "portal.Enrollment",
        "pk": 24,
        "fields": {
            "semester": "202201",
            "user": 9,
            "project": 3,
            "credits": 4,
            "is_project_lead": false,
            "updated_at": "2022-12-29T02:30:00+0000",
            "created_at": "2022-12-29T02:30:00+0000"
        }
    },
    {
        "model": "portal.Enrollment",
        "pk": 25,
        "fields": {
            "semester": "202301",
            "user": 10,
            "project": 1,
            "credits": 4,
            "is_project_lead": false,
            "updated_at": "2022-12-29T02:30:00+0000",
            "created_at": "2022-12-29T02:30:00+0000"
        }
    },
    {
        "model": "portal.Enrollment",
        "pk": 26,
        "fields": {
            "semester": "202208",
            "user": 10,
            "project": 21,
            "credits": 2,
            "is_project_lead": false,
            "updated_at": "2022-12-29T02:30:00+0000",
            "created_at": "2022-12-29T02:30:00+0000"
        }
    },
    {
        "model": "portal.Enrollment",
        "pk": 27,
        "fields": {
            "semester": "202201",
            "user": 10,
            "project": 9,
            "credits": 2,
            "is_project_lead": false,
            "updated_at": "2022-12-29T02:30:00+0000",
            "created_at": "2022-12-29T02:30:00+0000"
        }
    },
    {
        "model": "portal.Enrollment",
        "pk": 28,
        "fields": {
            "semester": "202301",
            "user": 11,
            "project": 28,
            "credits": 0,
            "is_project_lead": false,
            "updated_at": "2022-12-29T02:30:00+0000",
            "created_at": "2022-12-29T02:30:00+0000"
        }
    },
    {
        "model": "portal.Enrollment",
        "pk": 29,
        "fields": {
            "semester": "202208",
            "user": 11,
            "project": 8,
            "credits": 2,
            "is_project_lead": false,
            "updated_at": "2022-12-29T02:30:00+0000",
            "created_at": "2022-12-29T02:30:00+0000"
        }
    },
    {
        "model": "portal.Enrollment",
        "pk": 30,
        "fields": {
            "semester": "202201",
            "user": 11,
            "project": 12,
            "credits": 1,
            "is_project_lead": false,
            "updated_at": "2022-12-29T02:30:00+0000",
            "created_at": "2022-12-29T02:30:00+0000"
        }
    },
    {
        "model": "portal.Enrollment",
        "pk": 31,
        "fields": {
            "semester": "202301",
            "user": 12,
            "project": 24,
            "credits": 3,
            "is_project_lead": true,
            "updated_at": "2022-12-29T02:30:00+0000",
            "created_at": "2022-12-29T02:30:00+0000"
        }
    },
    {
        "model": "portal.Enrollment",
        "pk": 32,
        "fields": {
            "semester": "202208",
            "user": 12,
            "project": 5,
            "credits": 3,
            "is_project_lead": true,
            "updated_at": "2022-12-29T02:30:00+0000",
            "created_at": "2022-12-29T02:30:00+0000"
        }
    },
    {
        "model": "portal.Enrollment",
        "pk": 33,
        "fields": {
            "semester": "202201",
            "user": 12,
            "project": 4,
            "credits": 2,
            "is_project_lead": false,
            "updated_at": "2022-12-29T02:30:00+0000",
            "created_at": "2022-12-29T02:30:00+0000"
        }
    },
    {
        "model": "portal.Enrollment",
        "pk": 34,
        "fields": {
            "semester": "202301",
            "user": 13,
            "project": 24,
            "credits": 2,
            "is_project_lead": false,
            "updated_at": "2022-12-29T02:30:00+0000",
            "created_at": "2022-12-29T02:30:00+0000"
        }
    },
    {
        "model": "portal.Enrollment",
        "pk": 35,
        "fields": {
            "semester": "202208",
            "user": 13,
            "project": 12,
            "credits": 3,
            "is_project_lead": false,
            "updated_at": "2022-12-29T02:30:00+0000",
            "created_at": "2022-12-29T02:30:00+0000"
        }
    },
    {
        "model": "portal.Enrollment",
        "pk": 36,
        "fields": {
            "semester": "202201",
            "user": 13,
            "project": 18,
            "credits": 4,
            "is_project_lead": false,
            "updated_at": "2022-12-29T02:30:00+0000",
            "created_at": "2022-12-29T02:30:00+0000"
        }
    },
    {
        "model": "portal.Enrollment",
        "pk": 37,
        "fields": {
            "semester": "202301",
            "user": 14,
            "project": 27,
            "credits": 3,
            "is_project_lead": false,
            "updated_at": "2022-12-29T02:30:00+0000",
            "created_at": "2022-12-29T02:30:00+0000"
        }
    },
    {
        "model": "portal.Enrollment",
        "pk": 38,
        "fields": {
            "semester": "202208",
            "user": 14,
            "project": 5,
            "credits": 1,
            "is_project_lead": false,
            "updated_at": "2022-12-29T02:30:00+0000",
            "created_at": "2022-12-29T02:30:00+0000"
        }
    },
    {
        "model": "portal.Enrollment",
        "pk": 39,
        "fields": {
            "semester": "202201",
            "user": 14,
            "project": 29,
            "credits": 3,
            "is_project_lead": false,
            "updated_at": "2022-12-29T02:30:00+0000",
            "created_at": "2022-12-29T02:30:00+0000"
        }
    },
    {
        "model": "portal.Enrollment",
        "pk": 40,
        "fields": {
            "semester": "202301",
            "user": 15,
            "project": 5,
            "credits": 3,
            "is_project_lead": false,
            "updated_at": "2022-12-29T02:30:00+0000",
            "created_at": "2022-12-29T02:30:00+0000"
        }
    },
    {
        "model": "portal.Enrollment",
        "pk": 41,
        "fields": {
            "semester": "202208",
            "user": 15,
            "project": 9,
            "credits": 3,
            "is_project_lead": false,
            "updated_at": "2022-12-29T02:30:00+0000",
            "created_at": "2022-12-29T02:30:00+0000"
        }
    },
    {
        "model": "portal.Enrollment",
        "pk": 42,
        "fields": {
            "semester": "202201",
            "user": 15,
            "project": 8,
            "credits": 2,
            "is_project_lead": true,
            "updated_at": "2022-12-29T02:30:00+0000",
            "created_at": "2022-12-29T02:30:00+0000"
        }
    },
    {
        "model": "portal.Enrollment",
        "pk": 43,
        "fields": {
            "semester": "202301",
            "user": 16,
            "project": 12,
            "credits": 3,
            "is_project_lead": true,
            "updated_at": "2022-12-29T02:30:00+0000",
            "created_at": "2022-12-29T02:30:00+0000"
        }
    },
    {
        "model": "portal.Enrollment",
        "pk": 44,
        "fields": {
            "semester": "202208",
            "user": 16,
            "project": 12,
            "credits": 1,
            "is_project_lead": false,
            "updated_at": "2022-12-29T02:30:00+0000",
            "created_at": "2022-12-29T02:30:00+0000"
        }
    },
    {
        "model": "portal.Enrollment",
        "pk": 45,
        "fields": {
            "semester": "202201",
            "user": 16,
            "project": 8,
            "credits": 2,
            "is_project_lead": true,
            "updated_at": "2022-12-29T02:30:00+0000",
            "created_at": "2022-12-29T02:30:00+0000"
        }
    },
    {
        "model": "portal.Enrollment",
        "pk": 46,
        "fields": {
            "semester": "202301",
            "user": 17,
            "project": 11,
            "credits": 0,
            "is_project_lead": false,
            "updated_at": "2022-12-29T02:30:00+0000",
            "created_at": "2022-12-29T02:30:00+0000"
        }
    },
    {
        "model": "portal.Enrollment",
        "pk": 47,
        "fields": {
            "semester": "202208",
            "user": 17,
            "project": 3,
            "credits": 3,
            "is_project_lead": false,
            "updated_at": "2022-12-29T02:30:00+0000",
            "created_at": "2022-12-29T02:30:00+0000"
        }
    },
    {
        "model": "portal.Enrollment",
        "pk": 48,
        "fields": {
            "semester": "202201",
            "user": 17,
            "project": 14,
            "credits": 2,
            "is_project_lead": true,
            "updated_at": "2022-12-29T02:30:00+0000",
            "created_at": "2022-12-29T02:30:00+0000"
        }
    },
    {
        "model": "portal.Enrollment",
        "pk": 49,
        "fields": {
            "semester": "202301",
            "user": 18,
            "project": 1,
            "credits": 3,
            "is_project_lead": true,
            "updated_at": "2022-12-29T02:30:00+0000",
            "created_at": "2022-12-29T02:30:00+0000"
        }
    },
    {
        "model": "portal.Enrollment",
        "pk": 50,
        "fields": {
            "semester": "202208",
            "user": 18,
            "project": 24,
            "credits": 3,
            "is_project_lead": false,
            "updated_at": "2022-12-29T02:30:00+0000",
            "created_at": "2022-12-29T02:30:00+0000"
        }
    },
    {
        "model": "portal.Enrollment",
        "pk": 51,
        "fields": {
            "semester": "202201",
            "user": 18,
            "project": 22,
            "credits": 4,
            "is_project_lead": true,
            "updated_at": "2022-12-29T02:30:00+0000",
            "created_at": "2022-12-29T02:30:00+0000"
        }
    },
    {
        "model": "portal.Enrollment",
        "pk": 52,
        "fields": {
            "semester": "202301",
            "user": 19,
            "project": 24,
            "credits": 2,
            "is_project_lead": false,
            "updated_at": "2022-12-29T02:30:00+0000",
            "created_at": "2022-12-29T02:30:00+0000"
        }
    },
    {
        "model": "portal.Enrollment",
        "pk": 53,
        "fields": {
            "semester": "202208",
            "user": 19,
            "project": 29,
            "credits": 4,
            "is_project_lead": false,
            "updated_at": "2022-12-29T02:30:00+0000",
            "created_at": "2022-12-29T02:30:00+0000"
        }
    },
    {
        "model": "portal.Enrollment",
        "pk": 54,
        "fields": {
            "semester": "202201",
            "user": 19,
            "project": 8,
            "credits": 1,
            "is_project_lead": false,
            "updated_at": "2022-12-29T02:30:00+0000",
            "created_at": "2022-12-29T02:30:00+0000"
        }
    },
    {
        "model": "portal.Enrollment",
        "pk": 55,
        "fields": {
            "semester": "202301",
            "user": 20,
            "project": 26,
            "credits": 4,
            "is_project_lead": false,
            "updated_at": "2022-12-29T02:30:00+0000",
            "created_at": "2022-12-29T02:30:00+0000"
        }
    },
    {
        "model": "portal.Enrollment",
        "pk": 56,
        "fields": {
            "semester": "202208",
            "user": 20,
            "project": 11,
            "credits": 1,
            "is_project_lead": true,
            "updated_at": "2022-12-29T02:30:00+0000",
            "created_at": "2022-12-29T02:30:00+0000"
        }
    },
    {
        "model": "portal.Enrollment",
        "pk": 57,
        "fields": {
            "semester": "202201",
            "user": 20,
            "project": 29,
            "credits": 3,
            "is_project_lead": false,
            "updated_at": "2022-12-29T02:30:00+0000",
            "created_at": "2022-12-29T02:30:00+0000"
        }
    },
    {
        "model": "portal.Enrollment",
        "pk": 58,
        "fields": {
            "semester": "202301",
            "user": 21,
            "project": 10,
            "credits": 2,
            "is_project_lead": false,
            "updated_at": "2022-12-29T02:30:00+0000",
            "created_at": "2022-12-29T02:30:00+0000"
        }
    },
    {
        "model": "portal.Enrollment",
        "pk": 59,
        "fields": {
            "semester": "202208",
            "user": 21,
            "project": 0,
            "credits": 3,
            "is_project_lead": false,
            "updated_at": "2022-12-29T02:30:00+0000",
            "created_at": "2022-12-29T02:30:00+0000"
        }
    },
    {
        "model": "portal.Enrollment",
        "pk": 60,
        "fields": {
            "semester": "202201",
            "user": 21,
            "project": 26,
            "credits": 1,
            "is_project_lead": false,
            "updated_at": "2022-12-29T02:30:00+0000",
            "created_at": "2022-12-29T02:30:00+0000"
        }
    },
    {
        "model": "portal.Enrollment",
        "pk": 61,
        "fields": {
            "semester": "202301",
            "user": 22,
            "project": 13,
            "credits": 2,
            "is_project_lead": false,
            "updated_at": "2022-12-29T02:30:00+0000",
            "created_at": "2022-12-29T02:30:00+0000"
        }
    },
    {
        "model": "portal.Enrollment",
        "pk": 62,
        "fields": {
            "semester": "202208",
            "user": 22,
            "project": 1,
            "credits": 2,
            "is_project_lead": true,
            "updated_at": "2022-12-29T02:30:00+0000",
            "created_at": "2022-12-29T02:30:00+0000"
        }
    },
    {
        "model": "portal.Enrollment",
        "pk": 63,
        "fields": {
            "semester": "202201",
            "user": 22,
            "project": 21,
            "credits": 3,
            "is_project_lead": false,
            "updated_at": "2022-12-29T02:30:00+0000",
            "created_at": "2022-12-29T02:30:00+0000"
        }
    },
    {
        "model": "portal.Enrollment",
        "pk": 64,
        "fields": {
            "semester": "202301",
            "user": 23,
            "project": 0,
            "credits": 3,
            "is_project_lead": true,
            "updated_at": "2022-12-29T02:30:00+0000",
            "created_at": "2022-12-29T02:30:00+0000"
        }
    },
    {
        "model": "portal.Enrollment",
        "pk": 65,
        "fields": {
            "semester": "202208",
            "user": 23,
            "project": 22,
            "credits": 2,
            "is_project_lead": true,
            "updated_at": "2022-12-29T02:30:00+0000",
            "created_at": "2022-12-29T02:30:00+0000"
        }
    },
    {
        "model": "portal.Enrollment",
        "pk": 66,
        "fields": {
            "semester": "202201",
            "user": 23,
            "project": 29,
            "credits": 0,
            "is_project_lead": false,
            "updated_at": "2022-12-29T02:30:00+0000",
            "created_at": "2022-12-29T02:30:00+0000"
        }
    },
    {
        "model": "portal.Enrollment",
        "pk": 67,
        "fields": {
            "semester": "202301",
            "user": 24,
            "project": 28,
            "credits": 0,
            "is_project_lead": true,
            "updated_at": "2022-12-29T02:30:00+0000",
            "created_at": "2022-12-29T02:30:00+0000"
        }
    },
    {
        "model": "portal.Enrollment",
        "pk": 68,
        "fields": {
            "semester": "202208",
            "user": 24,
            "project": 21,
            "credits": 0,
            "is_project_lead": false,
            "updated_at": "2022-12-29T02:30:00+0000",
            "created_at": "2022-12-29T02:30:00+0000"
        }
    },
    {
        "model": "portal.Enrollment",
        "pk": 69,
        "fields": {
            "semester": "202201",
            "user": 24,
            "project": 6,
            "credits": 3,
            "is_project_lead": false,
            "updated_at": "2022-12-29T02:30:00+0000",
            "created_at": "2022-12-29T02:30:00+0000"
        }
    },
    {
        "model": "portal.Enrollment",
        "pk": 70,
        "fields": {
            "semester": "202301",
            "user": 25,
            "project": 12,
            "credits": 4,
            "is_project_lead": true,
            "updated_at": "2022-12-29T02:30:00+0000",
            "created_at": "2022-12-29T02:30:00+0000"
        }
    },
    {
        "model": "portal.Enrollment",
        "pk": 71,
        "fields": {
            "semester": "202208",
            "user": 25,
            "project": 8,
            "credits": 4,
            "is_project_lead": false,
            "updated_at": "2022-12-29T02:30:00+0000",
            "created_at": "2022-12-29T02:30:00+0000"
        }
    },
    {
        "model": "portal.Enrollment",
        "pk": 72,
        "fields": {
            "semester": "202201",
            "user": 25,
            "project": 9,
            "credits": 1,
            "is_project_lead": false,
            "updated_at": "2022-12-29T02:30:00+0000",
            "created_at": "2022-12-29T02:30:00+0000"
        }
    },
    {
        "model": "portal.Enrollment",
        "pk": 73,
        "fields": {
            "semester": "202301",
            "user": 26,
            "project": 29,
            "credits": 4,
            "is_project_lead": true,
            "updated_at": "2022-12-29T02:30:00+0000",
            "created_at": "2022-12-29T02:30:00+0000"
        }
    },
    {
        "model": "portal.Enrollment",
        "pk": 74,
        "fields": {
            "semester": "202208",
            "user": 26,
            "project": 19,
            "credits": 1,
            "is_project_lead": false,
            "updated_at": "2022-12-29T02:30:00+0000",
            "created_at": "2022-12-29T02:30:00+0000"
        }
    },
    {
        "model": "portal.Enrollment",
        "pk": 75,
        "fields": {
            "semester": "202201",
            "user": 26,
            "project": 20,
            "credits": 4,
            "is_project_lead": true,
            "updated_at": "2022-12-29T02:30:00+0000",
            "created_at": "2022-12-29T02:30:00+0000"
        }
    },
    {
        "model": "portal.Enrollment",
        "pk": 76,
        "fields": {
            "semester": "202301",
            "user": 27,
            "project": 28,
            "credits": 3,
            "is_project_lead": true,
            "updated_at": "2022-12-29T02:30:00+0000",
            "created_at": "2022-12-29T02:30:00+0000"
        }
    },
    {
        "model": "portal.Enrollment",
        "pk": 77,
        "fields": {
            "semester": "202208",
            "user": 27,
            "project": 20,
            "credits": 1,
            "is_project_lead": false,
            "updated_at": "2022-12-29T02:30:00+0000",
            "created_at": "2022-12-29T02:30:00+0000"
        }
    },
    {
        "model": "portal.Enrollment",
        "pk": 78,
        "fields": {
            "semester": "202201",
            "user": 27,
            "project": 11,
            "credits": 2,
            "is_project_lead": false,
            "updated_at": "2022-12-29T02:30:00+0000",
            "created_at": "2022-12-29T02:30:00+0000"
        }
    },
    {
        "model": "portal.Enrollment",
        "pk": 79,
        "fields": {
            "semester": "202301",
            "user": 28,
            "project": 28,
            "credits": 4,
            "is_project_lead": true,
            "updated_at": "2022-12-29T02:30:00+0000",
            "created_at": "2022-12-29T02:30:00+0000"
        }
    },
    {
        "model": "portal.Enrollment",
        "pk": 80,
        "fields": {
            "semester": "202208",
            "user": 28,
            "project": 13,
            "credits": 3,
            "is_project_lead": false,
            "updated_at": "2022-12-29T02:30:00+0000",
            "created_at": "2022-12-29T02:30:00+0000"
        }
    },
    {
        "model": "portal.Enrollment",
        "pk": 81,
        "fields": {
            "semester": "202201",
            "user": 28,
            "project": 1,
            "credits": 2,
            "is_project_lead": true,
            "updated_at": "2022-12-29T02:30:00+0000",
            "created_at": "2022-12-29T02:30:00+0000"
        }
    },
    {
        "model": "portal.Enrollment",
        "pk": 82,
        "fields": {
            "semester": "202301",
            "user": 29,
            "project": 10,
            "credits": 2,
            "is_project_lead": false,
            "updated_at": "2022-12-29T02:30:00+0000",
            "created_at": "2022-12-29T02:30:00+0000"
        }
    },
    {
        "model": "portal.Enrollment",
        "pk": 83,
        "fields": {
            "semester": "202208",
            "user": 29,
            "project": 23,
            "credits": 2,
            "is_project_lead": false,
            "updated_at": "2022-12-29T02:30:00+0000",
            "created_at": "2022-12-29T02:30:00+0000"
        }
    },
    {
        "model": "portal.Enrollment",
        "pk": 84,
        "fields": {
            "semester": "202201",
            "user": 29,
            "project": 21,
            "credits": 2,
            "is_project_lead": false,
            "updated_at": "2022-12-29T02:30:00+0000",
            "created_at": "2022-12-29T02:30:00+0000"
        }
    },
    {
        "model": "portal.Enrollment",
        "pk": 85,
        "fields": {
            "semester": "202301",
            "user": 30,
            "project": 7,
            "credits": 1,
            "is_project_lead": false,
            "updated_at": "2022-12-29T02:30:00+0000",
            "created_at": "2022-12-29T02:30:00+0000"
        }
    },
    {
        "model": "portal.Enrollment",
        "pk": 86,
        "fields": {
            "semester": "202208",
            "user": 30,
            "project": 28,
            "credits": 3,
            "is_project_lead": true,
            "updated_at": "2022-12-29T02:30:00+0000",
            "created_at": "2022-12-29T02:30:00+0000"
        }
    },
    {
        "model": "portal.Enrollment",
        "pk": 87,
        "fields": {
            "semester": "202201",
            "user": 30,
            "project": 27,
            "credits": 4,
            "is_project_lead": false,
            "updated_at": "2022-12-29T02:30:00+0000",
            "created_at": "2022-12-29T02:30:00+0000"
        }
    },
    {
        "model": "portal.Enrollment",
        "pk": 88,
        "fields": {
            "semester": "202301",
            "user": 31,
            "project": 23,
            "credits": 3,
            "is_project_lead": false,
            "updated_at": "2022-12-29T02:30:00+0000",
            "created_at": "2022-12-29T02:30:00+0000"
        }
    },
    {
        "model": "portal.Enrollment",
        "pk": 89,
        "fields": {
            "semester": "202208",
            "user": 31,
            "project": 19,
            "credits": 3,
            "is_project_lead": false,
            "updated_at": "2022-12-29T02:30:00+0000",
            "created_at": "2022-12-29T02:30:00+0000"
        }
    },
    {
        "model": "portal.Enrollment",
        "pk": 90,
        "fields": {
            "semester": "202201",
            "user": 31,
            "project": 16,
            "credits": 4,
            "is_project_lead": true,
            "updated_at": "2022-12-29T02:30:00+0000",
            "created_at": "2022-12-29T02:30:00+0000"
        }
    },
    {
        "model": "portal.Enrollment",
        "pk": 91,
        "fields": {
            "semester": "202301",
            "user": 32,
            "project": 27,
            "credits": 1,
            "is_project_lead": false,
            "updated_at": "2022-12-29T02:30:00+0000",
            "created_at": "2022-12-29T02:30:00+0000"
        }
    },
    {
        "model": "portal.Enrollment",
        "pk": 92,
        "fields": {
            "semester": "202208",
            "user": 32,
            "project": 7,
            "credits": 3,
            "is_project_lead": false,
            "updated_at": "2022-12-29T02:30:00+0000",
            "created_at": "2022-12-29T02:30:00+0000"
        }
    },
    {
        "model": "portal.Enrollment",
        "pk": 93,
        "fields": {
            "semester": "202201",
            "user": 32,
            "project": 7,
            "credits": 0,
            "is_project_lead": true,
            "updated_at": "2022-12-29T02:30:00+0000",
            "created_at": "2022-12-29T02:30:00+0000"
        }
    },
    {
        "model": "portal.Enrollment",
        "pk": 94,
        "fields": {
            "semester": "202301",
            "user": 33,
            "project": 5,
            "credits": 3,
            "is_project_lead": false,
            "updated_at": "2022-12-29T02:30:00+0000",
            "created_at": "2022-12-29T02:30:00+0000"
        }
    },
    {
        "model": "portal.Enrollment",
        "pk": 95,
        "fields": {
            "semester": "202208",
            "user": 33,
            "project": 3,
            "credits": 0,
            "is_project_lead": false,
            "updated_at": "2022-12-29T02:30:00+0000",
            "created_at": "2022-12-29T02:30:00+0000"
        }
    },
    {
        "model": "portal.Enrollment",
        "pk": 96,
        "fields": {
            "semester": "202201",
            "user": 33,
            "project": 25,
            "credits": 0,
            "is_project_lead": true,
            "updated_at": "2022-12-29T02:30:00+0000",
            "created_at": "2022-12-29T02:30:00+0000"
        }
    },
    {
        "model": "portal.Enrollment",
        "pk": 97,
        "fields": {
            "semester": "202301",
            "user": 34,
            "project": 22,
            "credits": 2,
            "is_project_lead": true,
            "updated_at": "2022-12-29T02:30:00+0000",
            "created_at": "2022-12-29T02:30:00+0000"
        }
    },
    {
        "model": "portal.Enrollment",
        "pk": 98,
        "fields": {
            "semester": "202208",
            "user": 34,
            "project": 15,
            "credits": 1,
            "is_project_lead": false,
            "updated_at": "2022-12-29T02:30:00+0000",
            "created_at": "2022-12-29T02:30:00+0000"
        }
    },
    {
        "model": "portal.Enrollment",
        "pk": 99,
        "fields": {
            "semester": "202201",
            "user": 34,
            "project": 4,
            "credits": 2,
            "is_project_lead": false,
            "updated_at": "2022-12-29T02:30:00+0000",
            "created_at": "2022-12-29T02:30:00+0000"
        }
    },
    {
        "model": "portal.Enrollment",
        "pk": 100,
        "fields": {
            "semester": "202301",
            "user": 35,
            "project": 8,
            "credits": 4,
            "is_project_lead": true,
            "updated_at": "2022-12-29T02:30:00+0000",
            "created_at": "2022-12-29T02:30:00+0000"
        }
    },
    {
        "model": "portal.Enrollment",
        "pk": 101,
        "fields": {
            "semester": "202208",
            "user": 35,
            "project": 28,
            "credits": 2,
            "is_project_lead": true,
            "updated_at": "2022-12-29T02:30:00+0000",
            "created_at": "2022-12-29T02:30:00+0000"
        }
    },
    {
        "model": "portal.Enrollment",
        "pk": 102,
        "fields": {
            "semester": "202201",
            "user": 35,
            "project": 14,
            "credits": 1,
            "is_project_lead": false,
            "updated_at": "2022-12-29T02:30:00+0000",
            "created_at": "2022-12-29T02:30:00+0000"
        }
    },
    {
        "model": "portal.Enrollment",
        "pk": 103,
        "fields": {
            "semester": "202301",
            "user": 36,
            "project": 11,
            "credits": 4,
            "is_project_lead": false,
            "updated_at": "2022-12-29T02:30:00+0000",
            "created_at": "2022-12-29T02:30:00+0000"
        }
    },
    {
        "model": "portal.Enrollment",
        "pk": 104,
        "fields": {
            "semester": "202208",
            "user": 36,
            "project": 25,
            "credits": 3,
            "is_project_lead": false,
            "updated_at": "2022-12-29T02:30:00+0000",
            "created_at": "2022-12-29T02:30:00+0000"
        }
    },
    {
        "model": "portal.Enrollment",
        "pk": 105,
        "fields": {
            "semester": "202201",
            "user": 36,
            "project": 10,
            "credits": 4,
            "is_project_lead": true,
            "updated_at": "2022-12-29T02:30:00+0000",
            "created_at": "2022-12-29T02:30:00+0000"
        }
    },
    {
        "model": "portal.Enrollment",
        "pk": 106,
        "fields": {
            "semester": "202301",
            "user": 37,
            "project": 0,
            "credits": 3,
            "is_project_lead": true,
            "updated_at": "2022-12-29T02:30:00+0000",
            "created_at": "2022-12-29T02:30:00+0000"
        }
    },
    {
        "model": "portal.Enrollment",
        "pk": 107,
        "fields": {
            "semester": "202208",
            "user": 37,
            "project": 25,
            "credits": 4,
            "is_project_lead": true,
            "updated_at": "2022-12-29T02:30:00+0000",
            "created_at": "2022-12-29T02:30:00+0000"
        }
    },
    {
        "model": "portal.Enrollment",
        "pk": 108,
        "fields": {
            "semester": "202201",
            "user": 37,
            "project": 13,
            "credits": 3,
            "is_project_lead": false,
            "updated_at": "2022-12-29T02:30:00+0000",
            "created_at": "2022-12-29T02:30:00+0000"
        }
    },
    {
        "model": "portal.Enrollment",
        "pk": 109,
        "fields": {
            "semester": "202301",
            "user": 38,
            "project": 14,
            "credits": 0,
            "is_project_lead": false,
            "updated_at": "2022-12-29T02:30:00+0000",
            "created_at": "2022-12-29T02:30:00+0000"
        }
    },
    {
        "model": "portal.Enrollment",
        "pk": 110,
        "fields": {
            "semester": "202208",
            "user": 38,
            "project": 10,
            "credits": 1,
            "is_project_lead": true,
            "updated_at": "2022-12-29T02:30:00+0000",
            "created_at": "2022-12-29T02:30:00+0000"
        }
    },
    {
        "model": "portal.Enrollment",
        "pk": 111,
        "fields": {
            "semester": "202201",
            "user": 38,
            "project": 0,
            "credits": 0,
            "is_project_lead": false,
            "updated_at": "2022-12-29T02:30:00+0000",
            "created_at": "2022-12-29T02:30:00+0000"
        }
    },
    {
        "model": "portal.Enrollment",
        "pk": 112,
        "fields": {
            "semester": "202301",
            "user": 39,
            "project": 15,
            "credits": 1,
            "is_project_lead": true,
            "updated_at": "2022-12-29T02:30:00+0000",
            "created_at": "2022-12-29T02:30:00+0000"
        }
    },
    {
        "model": "portal.Enrollment",
        "pk": 113,
        "fields": {
            "semester": "202208",
            "user": 39,
            "project": 15,
            "credits": 2,
            "is_project_lead": true,
            "updated_at": "2022-12-29T02:30:00+0000",
            "created_at": "2022-12-29T02:30:00+0000"
        }
    },
    {
        "model": "portal.Enrollment",
        "pk": 114,
        "fields": {
            "semester": "202201",
            "user": 39,
            "project": 13,
            "credits": 1,
            "is_project_lead": true,
            "updated_at": "2022-12-29T02:30:00+0000",
            "created_at": "2022-12-29T02:30:00+0000"
        }
    },
    {
        "model": "portal.Enrollment",
        "pk": 115,
        "fields": {
            "semester": "202301",
            "user": 40,
            "project": 4,
            "credits": 4,
            "is_project_lead": false,
            "updated_at": "2022-12-29T02:30:00+0000",
            "created_at": "2022-12-29T02:30:00+0000"
        }
    },
    {
        "model": "portal.Enrollment",
        "pk": 116,
        "fields": {
            "semester": "202208",
            "user": 40,
            "project": 20,
            "credits": 1,
            "is_project_lead": false,
            "updated_at": "2022-12-29T02:30:00+0000",
            "created_at": "2022-12-29T02:30:00+0000"
        }
    },
    {
        "model": "portal.Enrollment",
        "pk": 117,
        "fields": {
            "semester": "202201",
            "user": 40,
            "project": 22,
            "credits": 4,
            "is_project_lead": false,
            "updated_at": "2022-12-29T02:30:00+0000",
            "created_at": "2022-12-29T02:30:00+0000"
        }
    },
    {
        "model": "portal.Enrollment",
        "pk": 118,
        "fields": {
            "semester": "202301",
            "user": 41,
            "project": 3,
            "credits": 2,
            "is_project_lead": false,
            "updated_at": "2022-12-29T02:30:00+0000",
            "created_at": "2022-12-29T02:30:00+0000"
        }
    },
    {
        "model": "portal.Enrollment",
        "pk": 119,
        "fields": {
            "semester": "202208",
            "user": 41,
            "project": 26,
            "credits": 4,
            "is_project_lead": false,
            "updated_at": "2022-12-29T02:30:00+0000",
            "created_at": "2022-12-29T02:30:00+0000"
        }
    },
    {
        "model": "portal.Enrollment",
        "pk": 120,
        "fields": {
            "semester": "202201",
            "user": 41,
            "project": 12,
            "credits": 1,
            "is_project_lead": false,
            "updated_at": "2022-12-29T02:30:00+0000",
            "created_at": "2022-12-29T02:30:00+0000"
        }
    },
    {
        "model": "portal.Enrollment",
        "pk": 121,
        "fields": {
            "semester": "202301",
            "user": 42,
            "project": 5,
            "credits": 3,
            "is_project_lead": true,
            "updated_at": "2022-12-29T02:30:00+0000",
            "created_at": "2022-12-29T02:30:00+0000"
        }
    },
    {
        "model": "portal.Enrollment",
        "pk": 122,
        "fields": {
            "semester": "202208",
            "user": 42,
            "project": 21,
            "credits": 1,
            "is_project_lead": false,
            "updated_at": "2022-12-29T02:30:00+0000",
            "created_at": "2022-12-29T02:30:00+0000"
        }
    },
    {
        "model": "portal.Enrollment",
        "pk": 123,
        "fields": {
            "semester": "202201",
            "user": 42,
            "project": 19,
            "credits": 3,
            "is_project_lead": false,
            "updated_at": "2022-12-29T02:30:00+0000",
            "created_at": "2022-12-29T02:30:00+0000"
        }
    },
    {
        "model": "portal.Enrollment",
        "pk": 124,
        "fields": {
            "semester": "202301",
            "user": 43,
            "project": 5,
            "credits": 4,
            "is_project_lead": true,
            "updated_at": "2022-12-29T02:30:00+0000",
            "created_at": "2022-12-29T02:30:00+0000"
        }
    },
    {
        "model": "portal.Enrollment",
        "pk": 125,
        "fields": {
            "semester": "202208",
            "user": 43,
            "project": 10,
            "credits": 0,
            "is_project_lead": true,
            "updated_at": "2022-12-29T02:30:00+0000",
            "created_at": "2022-12-29T02:30:00+0000"
        }
    },
    {
        "model": "portal.Enrollment",
        "pk": 126,
        "fields": {
            "semester": "202201",
            "user": 43,
            "project": 20,
            "credits": 0,
            "is_project_lead": false,
            "updated_at": "2022-12-29T02:30:00+0000",
            "created_at": "2022-12-29T02:30:00+0000"
        }
    },
    {
        "model": "portal.Enrollment",
        "pk": 127,
        "fields": {
            "semester": "202301",
            "user": 44,
            "project": 8,
            "credits": 3,
            "is_project_lead": true,
            "updated_at": "2022-12-29T02:30:00+0000",
            "created_at": "2022-12-29T02:30:00+0000"
        }
    },
    {
        "model": "portal.Enrollment",
        "pk": 128,
        "fields": {
            "semester": "202208",
            "user": 44,
            "project": 3,
            "credits": 0,
            "is_project_lead": false,
            "updated_at": "2022-12-29T02:30:00+0000",
            "created_at": "2022-12-29T02:30:00+0000"
        }
    },
    {
        "model": "portal.Enrollment",
        "pk": 129,
        "fields": {
            "semester": "202201",
            "user": 44,
            "project": 4,
            "credits": 1,
            "is_project_lead": false,
            "updated_at": "2022-12-29T02:30:00+0000",
            "created_at": "2022-12-29T02:30:00+0000"
        }
    },
    {
        "model": "portal.Enrollment",
        "pk": 130,
        "fields": {
            "semester": "202301",
            "user": 45,
            "project": 11,
            "credits": 3,
            "is_project_lead": false,
            "updated_at": "2022-12-29T02:30:00+0000",
            "created_at": "2022-12-29T02:30:00+0000"
        }
    },
    {
        "model": "portal.Enrollment",
        "pk": 131,
        "fields": {
            "semester": "202208",
            "user": 45,
            "project": 29,
            "credits": 2,
            "is_project_lead": false,
            "updated_at": "2022-12-29T02:30:00+0000",
            "created_at": "2022-12-29T02:30:00+0000"
        }
    },
    {
        "model": "portal.Enrollment",
        "pk": 132,
        "fields": {
            "semester": "202201",
            "user": 45,
            "project": 0,
            "credits": 1,
            "is_project_lead": false,
            "updated_at": "2022-12-29T02:30:00+0000",
            "created_at": "2022-12-29T02:30:00+0000"
        }
    },
    {
        "model": "portal.Enrollment",
        "pk": 133,
        "fields": {
            "semester": "202301",
            "user": 46,
            "project": 28,
            "credits": 2,
            "is_project_lead": false,
            "updated_at": "2022-12-29T02:30:00+0000",
            "created_at": "2022-12-29T02:30:00+0000"
        }
    },
    {
        "model": "portal.Enrollment",
        "pk": 134,
        "fields": {
            "semester": "202208",
            "user": 46,
            "project": 6,
            "credits": 3,
            "is_project_lead": false,
            "updated_at": "2022-12-29T02:30:00+0000",
            "created_at": "2022-12-29T02:30:00+0000"
        }
    },
    {
        "model": "portal.Enrollment",
        "pk": 135,
        "fields": {
            "semester": "202201",
            "user": 46,
            "project": 3,
            "credits": 3,
            "is_project_lead": false,
            "updated_at": "2022-12-29T02:30:00+0000",
            "created_at": "2022-12-29T02:30:00+0000"
        }
    },
    {
        "model": "portal.Enrollment",
        "pk": 136,
        "fields": {
            "semester": "202301",
            "user": 47,
            "project": 22,
            "credits": 0,
            "is_project_lead": true,
            "updated_at": "2022-12-29T02:30:00+0000",
            "created_at": "2022-12-29T02:30:00+0000"
        }
    },
    {
        "model": "portal.Enrollment",
        "pk": 137,
        "fields": {
            "semester": "202208",
            "user": 47,
            "project": 26,
            "credits": 2,
            "is_project_lead": false,
            "updated_at": "2022-12-29T02:30:00+0000",
            "created_at": "2022-12-29T02:30:00+0000"
        }
    },
    {
        "model": "portal.Enrollment",
        "pk": 138,
        "fields": {
            "semester": "202201",
            "user": 47,
            "project": 8,
            "credits": 2,
            "is_project_lead": false,
            "updated_at": "2022-12-29T02:30:00+0000",
            "created_at": "2022-12-29T02:30:00+0000"
        }
    },
    {
        "model": "portal.Enrollment",
        "pk": 139,
        "fields": {
            "semester": "202301",
            "user": 48,
            "project": 24,
            "credits": 0,
            "is_project_lead": false,
            "updated_at": "2022-12-29T02:30:00+0000",
            "created_at": "2022-12-29T02:30:00+0000"
        }
    },
    {
        "model": "portal.Enrollment",
        "pk": 140,
        "fields": {
            "semester": "202208",
            "user": 48,
            "project": 19,
            "credits": 2,
            "is_project_lead": true,
            "updated_at": "2022-12-29T02:30:00+0000",
            "created_at": "2022-12-29T02:30:00+0000"
        }
    },
    {
        "model": "portal.Enrollment",
        "pk": 141,
        "fields": {
            "semester": "202201",
            "user": 48,
            "project": 2,
            "credits": 2,
            "is_project_lead": false,
            "updated_at": "2022-12-29T02:30:00+0000",
            "created_at": "2022-12-29T02:30:00+0000"
        }
    },
    {
        "model": "portal.Enrollment",
        "pk": 142,
        "fields": {
            "semester": "202301",
            "user": 49,
            "project": 9,
            "credits": 2,
            "is_project_lead": false,
            "updated_at": "2022-12-29T02:30:00+0000",
            "created_at": "2022-12-29T02:30:00+0000"
        }
    },
    {
        "model": "portal.Enrollment",
        "pk": 143,
        "fields": {
            "semester": "202208",
            "user": 49,
            "project": 29,
            "credits": 4,
            "is_project_lead": false,
            "updated_at": "2022-12-29T02:30:00+0000",
            "created_at": "2022-12-29T02:30:00+0000"
        }
    },
    {
        "model": "portal.Enrollment",
        "pk": 144,
        "fields": {
            "semester": "202201",
            "user": 49,
            "project": 11,
            "credits": 2,
            "is_project_lead": true,
            "updated_at": "2022-12-29T02:30:00+0000",
            "created_at": "2022-12-29T02:30:00+0000"
        }
    }
]
